-- Adminer 3.6.2 MySQL dump

SET NAMES utf8;
SET foreign_key_checks = 0;
SET time_zone = 'SYSTEM';
SET sql_mode = 'NO_AUTO_VALUE_ON_ZERO';

DROP TABLE IF EXISTS `benefit`;
CREATE TABLE `benefit` (
  `idBenefit` int(10) unsigned NOT NULL AUTO_INCREMENT,
  `nazev` varchar(255) COLLATE utf8_czech_ci DEFAULT NULL,
  `aktivniZaznam` tinyint(1) DEFAULT NULL,
  `castka` int(10) unsigned DEFAULT NULL,
  PRIMARY KEY (`idBenefit`)
) ENGINE=InnoDB DEFAULT CHARSET=utf8 COLLATE=utf8_czech_ci;

INSERT INTO `benefit` (`idBenefit`, `nazev`, `aktivniZaznam`, `castka`) VALUES
(1,	'Nemá zadán benefit',	1,	NULL);

DROP TABLE IF EXISTS `dite`;
CREATE TABLE `dite` (
  `idDite` int(10) unsigned NOT NULL AUTO_INCREMENT,
  `skolaIdSkola` int(10) unsigned DEFAULT NULL,
  `jmeno` varchar(255) COLLATE utf8_czech_ci NOT NULL,
  `pohlavi` char(1) COLLATE utf8_czech_ci NOT NULL,
  `datumNarozeni` char(4) COLLATE utf8_czech_ci DEFAULT NULL,
  `vsym` int(10) unsigned NOT NULL,
  `vystavene` tinyint(1) DEFAULT NULL,
  `aktivniZaznam` tinyint(1) DEFAULT NULL,
  `datumVzniku` date DEFAULT NULL,
  `datumZaniku` date DEFAULT NULL,
  `rocnik` int(10) unsigned DEFAULT NULL,
  `profilovaFotka` int(255) DEFAULT NULL,
  `profilovaUrlSerializovana` text COLLATE utf8_czech_ci,
  PRIMARY KEY (`idDite`),
  KEY `dite_FKIndex1` (`skolaIdSkola`),
  CONSTRAINT `dite_ibfk_1` FOREIGN KEY (`skolaIdSkola`) REFERENCES `skola` (`idSkola`) ON DELETE NO ACTION ON UPDATE NO ACTION
) ENGINE=InnoDB DEFAULT CHARSET=utf8 COLLATE=utf8_czech_ci;

INSERT INTO `dite` (`idDite`, `skolaIdSkola`, `jmeno`, `pohlavi`, `datumNarozeni`, `vsym`, `vystavene`, `aktivniZaznam`, `datumVzniku`, `datumZaniku`, `rocnik`, `profilovaFotka`, `profilovaUrlSerializovana`) VALUES
(2,	13,	'Abel Byamugisha',	'M',	'',	1061,	1,	0,	'2013-09-15',	NULL,	2,	2147483647,	'a:27:{s:2:\"id\";s:10:\"9757155406\";s:6:\"secret\";s:10:\"15d859cce9\";s:6:\"server\";s:4:\"3779\";s:4:\"farm\";d:4;s:12:\"dateuploaded\";s:10:\"1379239093\";s:10:\"isfavorite\";i:0;s:7:\"license\";s:1:\"0\";s:12:\"safety_level\";s:1:\"0\";s:8:\"rotation\";i:0;s:14:\"originalsecret\";s:10:\"1f56ff2229\";s:14:\"originalformat\";s:3:\"jpg\";s:5:\"owner\";a:7:{s:4:\"nsid\";s:13:\"101782724@N08\";s:8:\"username\";s:11:\"marek.vacek\";s:8:\"realname\";s:11:\"Marek Vacek\";s:8:\"location\";s:0:\"\";s:10:\"iconserver\";s:1:\"0\";s:8:\"iconfarm\";d:0;s:10:\"path_alias\";N;}s:5:\"title\";s:15:\"Abel Byamugisha\";s:11:\"description\";s:0:\"\";s:10:\"visibility\";a:3:{s:8:\"ispublic\";i:0;s:8:\"isfriend\";i:0;s:8:\"isfamily\";i:0;}s:5:\"dates\";a:4:{s:6:\"posted\";s:10:\"1379239093\";s:5:\"taken\";s:19:\"2013-09-15 02:58:13\";s:16:\"takengranularity\";s:1:\"0\";s:10:\"lastupdate\";s:10:\"1379239093\";}s:11:\"permissions\";a:2:{s:11:\"permcomment\";i:3;s:11:\"permaddmeta\";i:2;}s:5:\"views\";s:1:\"0\";s:11:\"editability\";a:2:{s:10:\"cancomment\";i:1;s:10:\"canaddmeta\";i:1;}s:17:\"publiceditability\";a:2:{s:10:\"cancomment\";i:1;s:10:\"canaddmeta\";i:0;}s:5:\"usage\";a:4:{s:11:\"candownload\";i:1;s:7:\"canblog\";i:1;s:8:\"canprint\";i:1;s:8:\"canshare\";i:1;}s:8:\"comments\";s:1:\"0\";s:5:\"notes\";a:1:{s:4:\"note\";a:0:{}}s:6:\"people\";a:1:{s:9:\"haspeople\";i:0;}s:4:\"tags\";a:1:{s:3:\"tag\";a:3:{i:0;a:5:{s:2:\"id\";s:30:\"101689911-9757155406-133162744\";s:6:\"author\";s:13:\"101782724@N08\";s:3:\"raw\";s:15:\"Profilova fotka\";s:8:\"_content\";s:14:\"profilovafotka\";s:11:\"machine_tag\";i:0;}i:1;a:5:{s:2:\"id\";s:30:\"101689911-9757155406-133113441\";s:6:\"author\";s:13:\"101782724@N08\";s:3:\"raw\";s:15:\"Abel Byamugisha\";s:8:\"_content\";s:14:\"abelbyamugisha\";s:11:\"machine_tag\";i:0;}i:2;a:5:{s:2:\"id\";s:30:\"101689911-9757155406-133162746\";s:6:\"author\";s:13:\"101782724@N08\";s:3:\"raw\";s:15:\"Bwindi Orphans2\";s:8:\"_content\";s:14:\"bwindiorphans2\";s:11:\"machine_tag\";i:0;}}}s:4:\"urls\";a:1:{s:3:\"url\";a:1:{i:0;a:2:{s:4:\"type\";s:9:\"photopage\";s:8:\"_content\";s:54:\"http://www.flickr.com/photos/101782724@N08/9757155406/\";}}}s:5:\"media\";s:5:\"photo\";}'),
(3,	10,	'Aggrey Musinguzi',	'M',	NULL,	1058,	1,	NULL,	NULL,	NULL,	NULL,	NULL,	NULL),
(4,	3,	'Aidah Tumushabe',	'F',	NULL,	1004,	1,	NULL,	NULL,	NULL,	NULL,	NULL,	NULL),
(5,	3,	'Allan Masiko',	'M',	NULL,	1074,	1,	NULL,	NULL,	NULL,	NULL,	NULL,	NULL),
(6,	9,	'Ambrose Ampeire',	'M',	NULL,	1097,	1,	NULL,	NULL,	NULL,	NULL,	NULL,	NULL),
(8,	10,	'Anitah Atuhaire',	'F',	NULL,	1005,	1,	NULL,	NULL,	NULL,	NULL,	NULL,	NULL),
(9,	3,	'Annet Kyorikunda',	'F',	NULL,	1006,	1,	NULL,	NULL,	NULL,	NULL,	NULL,	NULL),
(10,	10,	'Apofia Kenyangi',	'F',	NULL,	1007,	1,	NULL,	NULL,	NULL,	NULL,	NULL,	NULL),
(12,	3,	'Asheri Ampeire',	'F',	NULL,	1078,	1,	NULL,	NULL,	NULL,	NULL,	NULL,	NULL),
(13,	2,	'Benjamin Friday',	'M',	NULL,	1009,	1,	NULL,	NULL,	NULL,	NULL,	NULL,	NULL),
(14,	3,	'Bless Ainembabazi',	'F',	NULL,	1010,	1,	NULL,	NULL,	NULL,	NULL,	NULL,	NULL),
(15,	3,	'Brenda Nahabwe',	'F',	NULL,	1094,	1,	NULL,	NULL,	NULL,	NULL,	NULL,	NULL),
(16,	10,	'Caroline Amutuheire',	'F',	NULL,	1057,	1,	NULL,	NULL,	NULL,	NULL,	NULL,	NULL),
(17,	10,	'Caroline Ayebare',	'F',	NULL,	1060,	1,	NULL,	NULL,	NULL,	NULL,	NULL,	NULL),
(18,	3,	'Caroline Kiconco',	'F',	NULL,	1070,	1,	NULL,	NULL,	NULL,	NULL,	NULL,	NULL),
(19,	10,	'Chris Atumanya',	'M',	NULL,	1011,	1,	NULL,	NULL,	NULL,	NULL,	NULL,	NULL),
(20,	9,	'Chrispuse Mukombe',	'M',	NULL,	1098,	1,	NULL,	NULL,	NULL,	NULL,	NULL,	NULL),
(21,	2,	'Christmas Orikiriza',	'M',	NULL,	1077,	1,	NULL,	NULL,	NULL,	NULL,	NULL,	NULL),
(22,	7,	'Constance Turindwamukama',	'F',	NULL,	1012,	1,	NULL,	NULL,	NULL,	NULL,	NULL,	NULL),
(24,	9,	'Denis Tusiime',	'M',	NULL,	1014,	1,	NULL,	NULL,	NULL,	NULL,	NULL,	NULL),
(25,	9,	'Diana Kyakunzire',	'F',	NULL,	1056,	1,	NULL,	NULL,	NULL,	NULL,	NULL,	NULL),
(26,	NULL,	'Diana Natukunda',	'F',	NULL,	1015,	1,	NULL,	NULL,	NULL,	NULL,	NULL,	NULL),
(27,	10,	'Dickson Namanya',	'M',	NULL,	1087,	1,	NULL,	NULL,	NULL,	NULL,	NULL,	NULL),
(28,	NULL,	'Edson Ndyamuhaki',	'M',	NULL,	1091,	1,	NULL,	NULL,	NULL,	NULL,	NULL,	NULL),
(29,	3,	'Elly Nahurira',	'M',	NULL,	1055,	1,	NULL,	NULL,	NULL,	NULL,	NULL,	NULL),
(30,	3,	'Emmanuel Kasigyire',	'M',	NULL,	1016,	1,	NULL,	NULL,	NULL,	NULL,	NULL,	NULL),
(31,	2,	'Eveline Musiimire',	'F',	NULL,	1002,	1,	NULL,	NULL,	NULL,	NULL,	NULL,	NULL),
(32,	3,	'Gift Ainembabazi',	'F',	NULL,	1071,	1,	NULL,	NULL,	NULL,	NULL,	NULL,	NULL),
(33,	9,	'Grace Chance',	'F',	NULL,	1017,	1,	NULL,	NULL,	NULL,	NULL,	NULL,	NULL),
(34,	3,	'Husein Wednesday',	'M',	NULL,	1093,	1,	NULL,	NULL,	NULL,	NULL,	NULL,	NULL),
(35,	3,	'Immaculate Ayebare',	'F',	NULL,	1092,	1,	NULL,	NULL,	NULL,	NULL,	NULL,	NULL),
(36,	3,	'Isabella Nkamushaba',	'F',	NULL,	1001,	1,	NULL,	NULL,	NULL,	NULL,	NULL,	NULL),
(37,	3,	'Ivan Niwagaba',	'M',	NULL,	1018,	1,	NULL,	NULL,	NULL,	NULL,	NULL,	NULL),
(38,	3,	'Jacob Mbonigaba',	'M',	NULL,	1086,	1,	NULL,	NULL,	NULL,	NULL,	NULL,	NULL),
(39,	3,	'Jet Kato',	'M',	NULL,	1035,	1,	NULL,	NULL,	NULL,	NULL,	NULL,	NULL),
(40,	3,	'Joseph Ainembabazi',	'M',	NULL,	1053,	1,	NULL,	NULL,	NULL,	NULL,	NULL,	NULL),
(41,	3,	'Joshua Natukunda',	'M',	NULL,	1059,	1,	NULL,	NULL,	NULL,	NULL,	NULL,	NULL),
(42,	2,	'Judith Asingwire',	'F',	NULL,	1082,	1,	NULL,	NULL,	NULL,	NULL,	NULL,	NULL),
(43,	3,	'Judith Komugisha',	'F',	NULL,	1019,	1,	NULL,	NULL,	NULL,	NULL,	NULL,	NULL),
(45,	3,	'Livingstone Ngabirano',	'M',	NULL,	1021,	1,	NULL,	NULL,	NULL,	NULL,	NULL,	NULL),
(46,	3,	'Lucky Ainembabazi',	'F',	NULL,	1095,	1,	NULL,	NULL,	NULL,	NULL,	NULL,	NULL),
(47,	3,	'Magidu Abdumariki',	'M',	NULL,	1079,	1,	NULL,	NULL,	NULL,	NULL,	NULL,	NULL),
(48,	3,	'Mary Twongyerwe',	'F',	NULL,	1081,	1,	NULL,	NULL,	NULL,	NULL,	NULL,	NULL),
(49,	3,	'Medard Arineitwe',	'M',	NULL,	1089,	1,	NULL,	NULL,	NULL,	NULL,	NULL,	NULL),
(50,	14,	'Medard Ashaba',	'M',	NULL,	1022,	1,	NULL,	NULL,	NULL,	NULL,	NULL,	NULL),
(51,	3,	'Merable Kamusiime',	'F',	NULL,	1062,	1,	NULL,	NULL,	NULL,	NULL,	NULL,	NULL),
(52,	3,	'Moreen Kyasiimire',	'F',	NULL,	1051,	1,	NULL,	NULL,	NULL,	NULL,	NULL,	NULL),
(53,	3,	'Nabon Natukunda',	'F',	NULL,	1024,	1,	NULL,	NULL,	NULL,	NULL,	NULL,	NULL),
(54,	2,	'Naomi Kembabazi',	'F',	NULL,	1025,	1,	NULL,	NULL,	NULL,	NULL,	NULL,	NULL),
(55,	3,	'Nicholas Natulinda',	'M',	NULL,	1072,	1,	NULL,	NULL,	NULL,	NULL,	NULL,	NULL),
(56,	3,	'Onesmas Agaba',	'M',	NULL,	1026,	1,	NULL,	NULL,	NULL,	NULL,	NULL,	NULL),
(57,	3,	'Onesmas Tumwesigye',	'M',	NULL,	1027,	1,	NULL,	NULL,	NULL,	NULL,	NULL,	NULL),
(58,	3,	'Owen Ariho',	'M',	NULL,	1073,	1,	NULL,	NULL,	NULL,	NULL,	NULL,	NULL),
(59,	3,	'Phiona Ampeire',	'F',	NULL,	1028,	1,	NULL,	NULL,	NULL,	NULL,	NULL,	NULL),
(60,	10,	'Precious Ariho',	'M',	NULL,	1076,	1,	NULL,	NULL,	NULL,	NULL,	NULL,	NULL),
(61,	NULL,	'Precious Nkashaba',	'F',	NULL,	1029,	1,	NULL,	NULL,	NULL,	NULL,	NULL,	NULL),
(62,	4,	'Prize Akankwasa',	'F',	NULL,	1030,	1,	NULL,	NULL,	NULL,	NULL,	NULL,	NULL),
(63,	NULL,	'Rachel Arineitwe',	'F',	NULL,	1075,	1,	NULL,	NULL,	NULL,	NULL,	NULL,	NULL),
(64,	9,	'Rebecca Niwandinda',	'F',	NULL,	1031,	1,	NULL,	NULL,	NULL,	NULL,	NULL,	NULL),
(65,	2,	'Sedrick Kuka',	'M',	NULL,	1096,	1,	NULL,	NULL,	NULL,	NULL,	NULL,	NULL),
(66,	2,	'Sharon Orishaba',	'F',	NULL,	1032,	1,	NULL,	NULL,	NULL,	NULL,	NULL,	NULL),
(67,	NULL,	'Cyril Tumwine',	'M',	NULL,	1034,	1,	NULL,	NULL,	NULL,	NULL,	NULL,	NULL),
(69,	3,	'Susan Akampurira',	'F',	NULL,	1080,	1,	NULL,	NULL,	NULL,	NULL,	NULL,	NULL),
(70,	2,	'Uzobias Musiimenta',	'F',	NULL,	1083,	1,	NULL,	NULL,	NULL,	NULL,	NULL,	NULL),
(71,	10,	'Victor Ankunda',	'M',	NULL,	1088,	1,	NULL,	NULL,	NULL,	NULL,	NULL,	NULL),
(72,	3,	'Willex Muhumuza',	'M',	NULL,	1084,	1,	NULL,	NULL,	NULL,	NULL,	NULL,	NULL),
(75,	3,	'Jonan Twinomugisha',	'M',	NULL,	1036,	1,	NULL,	NULL,	NULL,	NULL,	NULL,	NULL),
(76,	3,	'Geraldine Tumuramye',	'F',	NULL,	1037,	1,	NULL,	NULL,	NULL,	NULL,	NULL,	NULL),
(83,	12,	'Steven Epianu',	'M',	NULL,	2001,	1,	NULL,	NULL,	NULL,	NULL,	NULL,	NULL),
(84,	12,	'Matilda Adielo',	'F',	NULL,	2002,	1,	NULL,	NULL,	NULL,	NULL,	NULL,	NULL),
(85,	12,	'Emmanuel Ojelel',	'M',	NULL,	2003,	1,	NULL,	NULL,	NULL,	NULL,	NULL,	NULL),
(86,	12,	'Andrew Okiria',	'M',	NULL,	2004,	1,	NULL,	NULL,	NULL,	NULL,	NULL,	NULL),
(87,	12,	'Saulo Engebi',	'M',	NULL,	2005,	1,	NULL,	NULL,	NULL,	NULL,	NULL,	NULL),
(88,	12,	'Isaac Acibu',	'M',	NULL,	2006,	1,	NULL,	NULL,	NULL,	NULL,	NULL,	NULL),
(89,	8,	'Job Ekolu',	'M',	NULL,	2007,	1,	NULL,	NULL,	NULL,	NULL,	NULL,	NULL),
(90,	12,	'Joy Aluo',	'F',	NULL,	2008,	1,	NULL,	NULL,	NULL,	NULL,	NULL,	NULL),
(91,	12,	'Grace Akejo',	'F',	NULL,	2009,	1,	NULL,	NULL,	NULL,	NULL,	NULL,	NULL),
(92,	12,	'Tabisa Abeja',	'F',	NULL,	2010,	1,	NULL,	NULL,	NULL,	NULL,	NULL,	NULL),
(93,	12,	'Yokosopati Ecwatu',	'M',	NULL,	2011,	1,	NULL,	NULL,	NULL,	NULL,	NULL,	NULL),
(94,	12,	'Perepetua Agwang',	'F',	NULL,	2012,	1,	NULL,	NULL,	NULL,	NULL,	NULL,	NULL),
(95,	11,	'Barbra Akamo',	'F',	NULL,	2013,	1,	NULL,	NULL,	NULL,	NULL,	NULL,	NULL),
(96,	12,	'Daniel Engadu',	'M',	NULL,	2014,	1,	NULL,	NULL,	NULL,	NULL,	NULL,	NULL),
(97,	12,	'Simon Peter Otim',	'M',	NULL,	2015,	1,	NULL,	NULL,	NULL,	NULL,	NULL,	NULL),
(98,	12,	'Scovia Katoko',	'F',	NULL,	2016,	1,	NULL,	NULL,	NULL,	NULL,	NULL,	NULL),
(99,	12,	'Eudo Lazaro',	'M',	NULL,	2017,	1,	NULL,	NULL,	NULL,	NULL,	NULL,	NULL),
(100,	12,	'Jonathan Omiat',	'M',	NULL,	2018,	1,	NULL,	NULL,	NULL,	NULL,	NULL,	NULL),
(101,	12,	'Nelson Ewatu Elimo',	'M',	NULL,	2019,	1,	NULL,	NULL,	NULL,	NULL,	NULL,	NULL),
(102,	12,	'Richard Emeru',	'M',	NULL,	2020,	1,	NULL,	NULL,	NULL,	NULL,	NULL,	NULL),
(103,	12,	'Isaac Otilo',	'M',	NULL,	2021,	1,	NULL,	NULL,	NULL,	NULL,	NULL,	NULL),
(104,	12,	'Agnes Akiteng',	'F',	NULL,	2022,	1,	NULL,	NULL,	NULL,	NULL,	NULL,	NULL),
(105,	12,	'Jen Beatrice Apiso',	'F',	NULL,	2023,	1,	NULL,	NULL,	NULL,	NULL,	NULL,	NULL),
(106,	12,	'Mary Loyce Apolot',	'F',	NULL,	2024,	1,	NULL,	NULL,	NULL,	NULL,	NULL,	NULL),
(107,	12,	'Judith Ajalo',	'F',	NULL,	2025,	1,	NULL,	NULL,	NULL,	NULL,	NULL,	NULL),
(108,	12,	'Sam Osege',	'M',	NULL,	2026,	1,	NULL,	NULL,	NULL,	NULL,	NULL,	NULL),
(109,	12,	'Rhoda Apeduno',	'F',	NULL,	2027,	1,	NULL,	NULL,	NULL,	NULL,	NULL,	NULL),
(110,	12,	'Emmanuel Egitu',	'M',	NULL,	2028,	1,	NULL,	NULL,	NULL,	NULL,	NULL,	NULL),
(111,	12,	'Sospateri Okirima',	'M',	NULL,	2029,	1,	NULL,	NULL,	NULL,	NULL,	NULL,	NULL),
(112,	12,	'Anna Grace Agojo',	'F',	NULL,	2030,	1,	NULL,	NULL,	NULL,	NULL,	NULL,	NULL),
(113,	12,	'Peter Okuda',	'M',	NULL,	2031,	1,	NULL,	NULL,	NULL,	NULL,	NULL,	NULL),
(114,	12,	'Richard Enyonu',	'M',	NULL,	2032,	1,	NULL,	NULL,	NULL,	NULL,	NULL,	NULL),
(115,	5,	'Nowel Egasu',	'M',	NULL,	2033,	1,	NULL,	NULL,	NULL,	NULL,	NULL,	NULL),
(116,	12,	'Abraham Ecoku',	'M',	'',	2034,	1,	0,	'2013-09-15',	NULL,	1,	2147483647,	'a:27:{s:2:\"id\";s:10:\"9757023331\";s:6:\"secret\";s:10:\"9a26dc19cc\";s:6:\"server\";s:4:\"7287\";s:4:\"farm\";d:8;s:12:\"dateuploaded\";s:10:\"1379239507\";s:10:\"isfavorite\";i:0;s:7:\"license\";s:1:\"0\";s:12:\"safety_level\";s:1:\"0\";s:8:\"rotation\";i:0;s:14:\"originalsecret\";s:10:\"091d5dc69c\";s:14:\"originalformat\";s:3:\"jpg\";s:5:\"owner\";a:7:{s:4:\"nsid\";s:13:\"101782724@N08\";s:8:\"username\";s:11:\"marek.vacek\";s:8:\"realname\";s:11:\"Marek Vacek\";s:8:\"location\";s:0:\"\";s:10:\"iconserver\";s:1:\"0\";s:8:\"iconfarm\";d:0;s:10:\"path_alias\";N;}s:5:\"title\";s:13:\"Abraham Ecoku\";s:11:\"description\";s:0:\"\";s:10:\"visibility\";a:3:{s:8:\"ispublic\";i:0;s:8:\"isfriend\";i:0;s:8:\"isfamily\";i:0;}s:5:\"dates\";a:4:{s:6:\"posted\";s:10:\"1379239507\";s:5:\"taken\";s:19:\"2012-12-12 13:47:26\";s:16:\"takengranularity\";s:1:\"0\";s:10:\"lastupdate\";s:10:\"1379239510\";}s:11:\"permissions\";a:2:{s:11:\"permcomment\";i:3;s:11:\"permaddmeta\";i:2;}s:5:\"views\";s:1:\"0\";s:11:\"editability\";a:2:{s:10:\"cancomment\";i:1;s:10:\"canaddmeta\";i:1;}s:17:\"publiceditability\";a:2:{s:10:\"cancomment\";i:1;s:10:\"canaddmeta\";i:0;}s:5:\"usage\";a:4:{s:11:\"candownload\";i:1;s:7:\"canblog\";i:1;s:8:\"canprint\";i:1;s:8:\"canshare\";i:1;}s:8:\"comments\";s:1:\"0\";s:5:\"notes\";a:1:{s:4:\"note\";a:0:{}}s:6:\"people\";a:1:{s:9:\"haspeople\";i:0;}s:4:\"tags\";a:1:{s:3:\"tag\";a:3:{i:0;a:5:{s:2:\"id\";s:30:\"101689911-9757023331-133162744\";s:6:\"author\";s:13:\"101782724@N08\";s:3:\"raw\";s:15:\"Profilova fotka\";s:8:\"_content\";s:14:\"profilovafotka\";s:11:\"machine_tag\";i:0;}i:1;a:5:{s:2:\"id\";s:30:\"101689911-9757023331-133473364\";s:6:\"author\";s:13:\"101782724@N08\";s:3:\"raw\";s:13:\"Abraham Ecoku\";s:8:\"_content\";s:12:\"abrahamecoku\";s:11:\"machine_tag\";i:0;}i:2;a:5:{s:2:\"id\";s:30:\"101689911-9757023331-133473374\";s:6:\"author\";s:13:\"101782724@N08\";s:3:\"raw\";s:17:\"Bwindi Orphans116\";s:8:\"_content\";s:16:\"bwindiorphans116\";s:11:\"machine_tag\";i:0;}}}s:4:\"urls\";a:1:{s:3:\"url\";a:1:{i:0;a:2:{s:4:\"type\";s:9:\"photopage\";s:8:\"_content\";s:54:\"http://www.flickr.com/photos/101782724@N08/9757023331/\";}}}s:5:\"media\";s:5:\"photo\";}'),
(117,	12,	'Alfred Ekaju',	'M',	NULL,	2035,	1,	NULL,	NULL,	NULL,	NULL,	NULL,	NULL),
(118,	12,	'Geofrey Etunyu',	'M',	NULL,	2036,	1,	NULL,	NULL,	NULL,	NULL,	NULL,	NULL),
(119,	12,	'Yona Orute',	'M',	NULL,	2037,	1,	NULL,	NULL,	NULL,	NULL,	NULL,	NULL),
(120,	12,	'Rose Iliamu',	'F',	NULL,	2038,	1,	NULL,	NULL,	NULL,	NULL,	NULL,	NULL),
(121,	12,	'Emmanuel Okiria',	'M',	NULL,	2039,	1,	NULL,	NULL,	NULL,	NULL,	NULL,	NULL),
(122,	12,	'Richard Ecoku',	'M',	NULL,	2040,	1,	NULL,	NULL,	NULL,	NULL,	NULL,	NULL),
(125,	3,	'Simeo Nahabwe',	'M',	NULL,	1104,	1,	NULL,	NULL,	NULL,	NULL,	NULL,	NULL),
(126,	3,	'Arnold Amutuheire',	'M',	NULL,	1105,	1,	NULL,	NULL,	NULL,	NULL,	NULL,	NULL),
(127,	12,	'Sarah Amokol',	'F',	NULL,	2041,	1,	NULL,	NULL,	NULL,	NULL,	NULL,	NULL),
(128,	12,	'Peter David Omunyal',	'M',	NULL,	2042,	1,	NULL,	NULL,	NULL,	NULL,	NULL,	NULL),
(129,	12,	'Timothy Okiror',	'M',	NULL,	2043,	1,	NULL,	NULL,	NULL,	NULL,	NULL,	NULL),
(130,	12,	'Martin Emorut',	'M',	NULL,	2044,	1,	NULL,	NULL,	NULL,	NULL,	NULL,	NULL),
(131,	12,	'Jennifer Loy Apolo',	'F',	NULL,	2045,	1,	NULL,	NULL,	NULL,	NULL,	NULL,	NULL),
(132,	12,	'John Andrew Eilu',	'M',	NULL,	2046,	1,	NULL,	NULL,	NULL,	NULL,	NULL,	NULL),
(133,	12,	'Eveline Adiao',	'F',	NULL,	2047,	1,	NULL,	NULL,	NULL,	NULL,	NULL,	NULL),
(134,	12,	'Michael Olaboro',	'M',	NULL,	2048,	1,	NULL,	NULL,	NULL,	NULL,	NULL,	NULL),
(136,	12,	'Peter Ekadu',	'M',	NULL,	2050,	1,	NULL,	NULL,	NULL,	NULL,	NULL,	NULL),
(137,	12,	'Yoweri Ekou',	'M',	NULL,	2051,	1,	NULL,	NULL,	NULL,	NULL,	NULL,	NULL),
(138,	12,	'Martin Oriokot',	'M',	NULL,	2052,	1,	NULL,	NULL,	NULL,	NULL,	NULL,	NULL),
(139,	12,	'John Stephen Egoliam',	'M',	NULL,	2053,	1,	NULL,	NULL,	NULL,	NULL,	NULL,	NULL),
(140,	12,	'John Kokas Edoan',	'M',	NULL,	2054,	1,	NULL,	NULL,	NULL,	NULL,	NULL,	NULL),
(141,	12,	'Isaac Egeng',	'M',	NULL,	2055,	1,	NULL,	NULL,	NULL,	NULL,	NULL,	NULL),
(142,	12,	'Michael Ebiju',	'M',	NULL,	2056,	1,	NULL,	NULL,	NULL,	NULL,	NULL,	NULL),
(143,	12,	'Samson Oile',	'M',	NULL,	2057,	1,	NULL,	NULL,	NULL,	NULL,	NULL,	NULL),
(144,	12,	'William Emolu',	'M',	NULL,	2058,	1,	NULL,	NULL,	NULL,	NULL,	NULL,	NULL),
(145,	12,	'Anna Grace Ikwilu',	'F',	NULL,	2059,	1,	NULL,	NULL,	NULL,	NULL,	NULL,	NULL),
(146,	12,	'Samuel Egadu',	'M',	NULL,	2060,	1,	NULL,	NULL,	NULL,	NULL,	NULL,	NULL),
(147,	12,	'Isaac John   Eilu',	'M',	NULL,	2061,	1,	NULL,	NULL,	NULL,	NULL,	NULL,	NULL),
(148,	12,	'Jessica Apolot',	'F',	NULL,	2062,	1,	NULL,	NULL,	NULL,	NULL,	NULL,	NULL),
(149,	12,	'Isaac Erianu',	'M',	NULL,	2063,	1,	NULL,	NULL,	NULL,	NULL,	NULL,	NULL),
(150,	12,	'Washington Obiasi',	'M',	NULL,	2064,	1,	NULL,	NULL,	NULL,	NULL,	NULL,	NULL),
(151,	12,	'Esther Alako',	'F',	NULL,	2065,	1,	NULL,	NULL,	NULL,	NULL,	NULL,	NULL),
(152,	12,	'Simon Ogudo',	'M',	NULL,	2066,	1,	NULL,	NULL,	NULL,	NULL,	NULL,	NULL),
(153,	12,	'Deborah Akiro',	'F',	NULL,	2067,	1,	NULL,	NULL,	NULL,	NULL,	NULL,	NULL),
(154,	12,	'Ketula Abio',	'F',	NULL,	2068,	1,	NULL,	NULL,	NULL,	NULL,	NULL,	NULL),
(155,	12,	'Tabisa Apolot',	'F',	NULL,	2069,	1,	NULL,	NULL,	NULL,	NULL,	NULL,	NULL),
(156,	3,	'Amon Ampumuza',	'M',	NULL,	1106,	1,	NULL,	NULL,	NULL,	NULL,	NULL,	NULL),
(157,	12,	'Agenatio Ongima',	'M',	NULL,	2070,	1,	NULL,	NULL,	NULL,	NULL,	NULL,	NULL),
(158,	3,	'Susan Asimwe',	'F',	NULL,	1107,	1,	NULL,	NULL,	NULL,	NULL,	NULL,	NULL),
(159,	3,	'Nickson Naweta',	'M',	NULL,	1108,	1,	NULL,	NULL,	NULL,	NULL,	NULL,	NULL),
(160,	3,	'Doreen Ainembabazi',	'F',	NULL,	1109,	1,	NULL,	NULL,	NULL,	NULL,	NULL,	NULL),
(161,	3,	'Judith Ndyamuhaki',	'F',	NULL,	1110,	1,	NULL,	NULL,	NULL,	NULL,	NULL,	NULL),
(162,	3,	'Gad Twinamatsiko',	'M',	NULL,	1111,	1,	NULL,	NULL,	NULL,	NULL,	NULL,	NULL),
(163,	3,	'Laban Kyomukama',	'M',	NULL,	1112,	1,	NULL,	NULL,	NULL,	NULL,	NULL,	NULL),
(166,	3,	'Precious Turinawe',	'F',	NULL,	1113,	1,	NULL,	NULL,	NULL,	NULL,	NULL,	NULL),
(167,	3,	'Diana Ampurira',	'F',	NULL,	1114,	1,	NULL,	NULL,	NULL,	NULL,	NULL,	NULL),
(168,	3,	'Edita Ampumuza',	'F',	NULL,	1115,	1,	NULL,	NULL,	NULL,	NULL,	NULL,	NULL),
(169,	3,	'Boniface Nahabwe',	'M',	NULL,	1116,	1,	NULL,	NULL,	NULL,	NULL,	NULL,	NULL),
(170,	3,	'Tom Nasasira',	'M',	NULL,	1117,	1,	NULL,	NULL,	NULL,	NULL,	NULL,	NULL),
(171,	3,	'Brenda Akansarira',	'F',	NULL,	1118,	1,	NULL,	NULL,	NULL,	NULL,	NULL,	NULL),
(172,	3,	'Matia Atwijukire',	'M',	NULL,	1119,	1,	NULL,	NULL,	NULL,	NULL,	NULL,	NULL),
(174,	3,	'Ignatius Ampeire',	'M',	NULL,	1122,	1,	NULL,	NULL,	NULL,	NULL,	NULL,	NULL),
(175,	3,	'Gilian Nanyijuka',	'F',	NULL,	1121,	1,	NULL,	NULL,	NULL,	NULL,	NULL,	NULL),
(176,	3,	'Joakim Twinamatsiko',	'M',	NULL,	1123,	1,	NULL,	NULL,	NULL,	NULL,	NULL,	NULL),
(177,	3,	'Julien Atulinda',	'F',	NULL,	1124,	1,	NULL,	NULL,	NULL,	NULL,	NULL,	NULL),
(178,	3,	'Sonia Muriisa',	'F',	NULL,	1125,	1,	NULL,	NULL,	NULL,	NULL,	NULL,	NULL),
(179,	3,	'Emmanuel Namanya',	'M',	NULL,	1126,	1,	NULL,	NULL,	NULL,	NULL,	NULL,	NULL),
(180,	3,	'Brenda Atwijukire',	'F',	NULL,	1127,	1,	NULL,	NULL,	NULL,	NULL,	NULL,	NULL),
(181,	3,	'Katherine Tumukunde',	'F',	NULL,	1128,	1,	NULL,	NULL,	NULL,	NULL,	NULL,	NULL),
(182,	3,	'Roland Akampurira',	'M',	NULL,	1129,	1,	NULL,	NULL,	NULL,	NULL,	NULL,	NULL),
(183,	12,	'Grace Naomi Aujo',	'F',	NULL,	2071,	1,	NULL,	NULL,	NULL,	NULL,	NULL,	NULL),
(184,	12,	'Jessica Ariokot',	'F',	NULL,	2072,	1,	NULL,	NULL,	NULL,	NULL,	NULL,	NULL),
(185,	12,	'Joshua Okelo',	'M',	NULL,	2073,	1,	NULL,	NULL,	NULL,	NULL,	NULL,	NULL),
(186,	12,	'Alberta Alulo',	'F',	NULL,	2074,	1,	NULL,	NULL,	NULL,	NULL,	NULL,	NULL),
(187,	12,	'Pias Olinga',	'M',	NULL,	2075,	1,	NULL,	NULL,	NULL,	NULL,	NULL,	NULL),
(190,	NULL,	'Moreen Akampurira',	'F',	NULL,	1130,	1,	NULL,	NULL,	NULL,	NULL,	NULL,	NULL),
(191,	NULL,	'Ian Katushabe',	'M',	NULL,	1131,	1,	NULL,	NULL,	NULL,	NULL,	NULL,	NULL),
(192,	NULL,	'Justice Niwamanya',	'M',	NULL,	1132,	1,	NULL,	NULL,	NULL,	NULL,	NULL,	NULL),
(193,	NULL,	'Collins Muhumuza',	'M',	NULL,	1133,	1,	NULL,	NULL,	NULL,	NULL,	NULL,	NULL),
(194,	NULL,	'Prose Ampumuza',	'F',	NULL,	1134,	1,	NULL,	NULL,	NULL,	NULL,	NULL,	NULL),
(195,	NULL,	'Denis Amutuheire',	'M',	NULL,	1135,	1,	NULL,	NULL,	NULL,	NULL,	NULL,	NULL),
(196,	NULL,	'Joan Atuheire',	'F',	NULL,	1136,	1,	NULL,	NULL,	NULL,	NULL,	NULL,	NULL),
(197,	NULL,	'Simon Amutuheire',	'M',	NULL,	1137,	1,	NULL,	NULL,	NULL,	NULL,	NULL,	NULL),
(198,	NULL,	'Isack Twesigye',	'M',	NULL,	1138,	1,	NULL,	NULL,	NULL,	NULL,	NULL,	NULL),
(199,	NULL,	'Lovis Muhwezi',	'M',	NULL,	1139,	1,	NULL,	NULL,	NULL,	NULL,	NULL,	NULL),
(200,	NULL,	'Rosette Ndyamuhakyi',	'F',	NULL,	1140,	1,	NULL,	NULL,	NULL,	NULL,	NULL,	NULL),
(201,	NULL,	'Gershom Niwamanya',	'M',	NULL,	1141,	1,	NULL,	NULL,	NULL,	NULL,	NULL,	NULL),
(202,	NULL,	'Joanita Tushabe',	'F',	NULL,	1142,	1,	NULL,	NULL,	NULL,	NULL,	NULL,	NULL),
(203,	NULL,	'Winnie Ajwang',	'F',	NULL,	1143,	1,	NULL,	NULL,	NULL,	NULL,	NULL,	NULL),
(204,	NULL,	'Amos Mugarura',	'M',	NULL,	1144,	1,	NULL,	NULL,	NULL,	NULL,	NULL,	NULL),
(205,	NULL,	'Boaz Twinomujumi',	'M',	NULL,	1145,	1,	NULL,	NULL,	NULL,	NULL,	NULL,	NULL),
(206,	NULL,	'Edson Agaba',	'M',	NULL,	1146,	1,	NULL,	NULL,	NULL,	NULL,	NULL,	NULL),
(207,	NULL,	'Peter Arineitwe',	'M',	NULL,	1147,	1,	NULL,	NULL,	NULL,	NULL,	NULL,	NULL),
(208,	NULL,	'Sylvia Akampurira',	'F',	NULL,	1148,	1,	NULL,	NULL,	NULL,	NULL,	NULL,	NULL),
(209,	NULL,	'Desire Akansasira',	'F',	NULL,	1149,	1,	NULL,	NULL,	NULL,	NULL,	NULL,	NULL),
(210,	12,	'John Michael Ariong',	'M',	NULL,	2076,	1,	NULL,	NULL,	NULL,	NULL,	NULL,	NULL),
(211,	12,	'Rafael Stephen Akotu',	'M',	NULL,	2077,	1,	NULL,	NULL,	NULL,	NULL,	NULL,	NULL),
(212,	12,	'Jenifer Alupo',	'F',	NULL,	2078,	1,	NULL,	NULL,	NULL,	NULL,	NULL,	NULL),
(213,	12,	'Peter Martin Oriokot',	'M',	NULL,	2079,	1,	NULL,	NULL,	NULL,	NULL,	NULL,	NULL),
(214,	12,	'Tabisa Adojo',	'F',	NULL,	2080,	1,	NULL,	NULL,	NULL,	NULL,	NULL,	NULL),
(215,	12,	'Ann Margrit Acume',	'F',	NULL,	2081,	1,	NULL,	NULL,	NULL,	NULL,	NULL,	NULL),
(216,	12,	'Judith Barbra Akelo',	'F',	NULL,	2082,	1,	NULL,	NULL,	NULL,	NULL,	NULL,	NULL),
(217,	12,	'Helda Akweso',	'F',	NULL,	2083,	1,	NULL,	NULL,	NULL,	NULL,	NULL,	NULL),
(218,	12,	'Jenifer Lona Apio',	'F',	NULL,	2084,	1,	NULL,	NULL,	NULL,	NULL,	NULL,	NULL),
(219,	12,	'Erian Silver Ocen',	'M',	NULL,	2085,	1,	NULL,	NULL,	NULL,	NULL,	NULL,	NULL),
(220,	12,	'Benjamin Orago',	'M',	NULL,	2086,	1,	NULL,	NULL,	NULL,	NULL,	NULL,	NULL),
(221,	12,	'William Edeu',	'M',	NULL,	2087,	1,	NULL,	NULL,	NULL,	NULL,	NULL,	NULL),
(222,	12,	'Francis Onaba',	'M',	NULL,	2088,	1,	NULL,	NULL,	NULL,	NULL,	NULL,	NULL),
(223,	12,	'Emanuel Amanu',	'M',	NULL,	2089,	1,	NULL,	NULL,	NULL,	NULL,	NULL,	NULL),
(224,	12,	'Ivan Ekalu',	'M',	NULL,	2090,	1,	NULL,	NULL,	NULL,	NULL,	NULL,	NULL),
(225,	12,	'Irene Betty Akutui',	'F',	NULL,	2091,	1,	NULL,	NULL,	NULL,	NULL,	NULL,	NULL),
(226,	12,	'Tabisa Ilaborot',	'F',	NULL,	2092,	1,	NULL,	NULL,	NULL,	NULL,	NULL,	NULL),
(227,	12,	'Isack Orena',	'M',	NULL,	2093,	1,	NULL,	NULL,	NULL,	NULL,	NULL,	NULL),
(228,	12,	'Diana Ikima',	'F',	NULL,	2094,	1,	NULL,	NULL,	NULL,	NULL,	NULL,	NULL),
(229,	12,	'David Omuron',	'M',	NULL,	2095,	1,	NULL,	NULL,	NULL,	NULL,	NULL,	NULL),
(230,	12,	'Evelyne Akol',	'F',	NULL,	2096,	1,	NULL,	NULL,	NULL,	NULL,	NULL,	NULL),
(231,	12,	'Foibe Barta Alio',	'F',	NULL,	2097,	1,	NULL,	NULL,	NULL,	NULL,	NULL,	NULL),
(232,	12,	'Paul Adongo',	'M',	NULL,	2098,	1,	NULL,	NULL,	NULL,	NULL,	NULL,	NULL),
(233,	12,	'Lawrence Otuba',	'M',	NULL,	2099,	1,	NULL,	NULL,	NULL,	NULL,	NULL,	NULL),
(234,	12,	'Isack Ecemu',	'M',	NULL,	2100,	1,	NULL,	NULL,	NULL,	NULL,	NULL,	NULL),
(235,	12,	'Mary Ilego',	'F',	NULL,	2101,	1,	NULL,	NULL,	NULL,	NULL,	NULL,	NULL),
(236,	12,	'Charles Okiria',	'M',	NULL,	2102,	1,	NULL,	NULL,	NULL,	NULL,	NULL,	NULL),
(237,	NULL,	'Rebecca Tushabe',	'F',	NULL,	1150,	1,	NULL,	NULL,	NULL,	NULL,	NULL,	NULL),
(238,	3,	'Constance Ahabwe',	'F',	NULL,	1151,	1,	NULL,	NULL,	NULL,	NULL,	NULL,	NULL),
(239,	3,	'Loyce Kyokusiima',	'F',	NULL,	1152,	1,	NULL,	NULL,	NULL,	NULL,	NULL,	NULL);

DROP TABLE IF EXISTS `ditelog`;
CREATE TABLE `ditelog` (
  `idDiteLog` int(10) unsigned NOT NULL AUTO_INCREMENT,
  `diteIdDite` int(10) unsigned NOT NULL,
  `datumOperace` date NOT NULL,
  `typOperace` int(10) unsigned DEFAULT NULL,
  `menenePole` varchar(255) COLLATE utf8_czech_ci DEFAULT NULL,
  `staraHodnota` varchar(255) COLLATE utf8_czech_ci DEFAULT NULL,
  `novaHodnota` varchar(255) COLLATE utf8_czech_ci DEFAULT NULL,
  PRIMARY KEY (`idDiteLog`),
  KEY `diteLog_FKIndex1` (`diteIdDite`),
  CONSTRAINT `ditelog_ibfk_1` FOREIGN KEY (`diteIdDite`) REFERENCES `dite` (`idDite`) ON DELETE NO ACTION ON UPDATE NO ACTION
) ENGINE=InnoDB DEFAULT CHARSET=utf8 COLLATE=utf8_czech_ci;


DROP TABLE IF EXISTS `platba`;
CREATE TABLE `platba` (
  `idPlatba` int(10) unsigned NOT NULL AUTO_INCREMENT,
  `benefitIdBenefit` int(10) unsigned NOT NULL,
  `sponzorIdSponzor` int(10) unsigned NOT NULL,
  `diteIdDite` int(10) unsigned NOT NULL,
  `datum` date DEFAULT NULL,
  `castka` int(10) unsigned DEFAULT NULL,
  `ucet` varchar(255) COLLATE utf8_czech_ci DEFAULT NULL,
  `poznamka` varchar(255) COLLATE utf8_czech_ci DEFAULT NULL,
  `rok` int(10) unsigned DEFAULT NULL,
  PRIMARY KEY (`idPlatba`),
  KEY `platba_FKIndex1` (`diteIdDite`),
  KEY `platba_FKIndex2` (`sponzorIdSponzor`),
  KEY `platba_FKIndex3` (`benefitIdBenefit`),
  CONSTRAINT `platba_ibfk_1` FOREIGN KEY (`diteIdDite`) REFERENCES `dite` (`idDite`) ON DELETE NO ACTION ON UPDATE NO ACTION,
  CONSTRAINT `platba_ibfk_2` FOREIGN KEY (`sponzorIdSponzor`) REFERENCES `sponzor` (`idSponzor`) ON DELETE NO ACTION ON UPDATE NO ACTION,
  CONSTRAINT `platba_ibfk_3` FOREIGN KEY (`benefitIdBenefit`) REFERENCES `benefit` (`idBenefit`) ON DELETE NO ACTION ON UPDATE NO ACTION
) ENGINE=InnoDB DEFAULT CHARSET=utf8 COLLATE=utf8_czech_ci;

INSERT INTO `platba` (`idPlatba`, `benefitIdBenefit`, `sponzorIdSponzor`, `diteIdDite`, `datum`, `castka`, `ucet`, `poznamka`, `rok`) VALUES
(1622,	1,	2,	2,	'2013-02-13',	5750,	'389224001/5500',	'16.3.2009 - 5.750,- - skolne 2009 - doplatek',	2012),
(1623,	1,	2,	2,	'2013-02-13',	8500,	'389224001/5500',	'22.10.2009 - 8.500,- -  skolne 2010',	2012),
(1624,	1,	2,	2,	'2013-02-13',	8500,	'389224001/5500',	'15.10.2010 - 8.500,- - skolne 2011',	2012),
(1625,	1,	2,	2,	'2013-02-13',	1500,	'389224001/5500',	'20.01.2011 - 1.500,- - kozy navic',	2012),
(1626,	1,	2,	2,	'2013-02-13',	8500,	'389224001/5500',	'03.10.2011 - 8.500,- - skolne 2012',	2012),
(1627,	1,	2,	2,	'2013-02-13',	500,	'389224001/5500',	'31.10.2011 - 500, -CZK - vanocni darek',	2012),
(1628,	1,	2,	2,	'2013-02-13',	10500,	'389224001/5500',	'23.10.2012 - 10.500,- - skolne 2013 + vanocni darek',	2012),
(1629,	1,	3,	3,	'2013-02-13',	4750,	'710930309/0800',	'5.1.2010 - 4.750,- - skolne 2010',	2012),
(1630,	1,	3,	3,	'2013-02-13',	20000,	'710930309/0800',	'29.05.2012 - 20.000,- - skolne 2011 + nakup + skolne 2012 ',	2012),
(1631,	1,	3,	3,	'2013-02-13',	10000,	'710930309/0800',	'30.10.2012 - 10.000,- - skolne 2013',	2012),
(1632,	1,	4,	4,	'2013-02-13',	4750,	'386658103/0800',	'16.01.2009 - 4.750,- - skolne 2009',	2012),
(1633,	1,	4,	4,	'2013-02-13',	1000,	'386658103/0800',	'16.01.2009 - 1.000,- - null',	2012),
(1634,	1,	4,	4,	'2013-02-13',	4750,	'386658103/0800',	'2.11.2009 - 4.750,- CZK - skolne 2010  ',	2012),
(1635,	1,	4,	4,	'2013-02-13',	4750,	'386658103/0800',	'20.01.2011 - 4.750,- - skolne 2011',	2012),
(1636,	1,	4,	4,	'2013-02-13',	5000,	'154285280/0600',	'8.11.2011 - 5.000,- - skolne 2012',	2012),
(1637,	1,	4,	4,	'2013-02-13',	5800,	'154285280/0600',	'23.11.2012 - 5.800,- - skolne 2013',	2012),
(1638,	1,	5,	5,	'2013-02-13',	4750,	NULL,	'13.11.2009 - 4.750,- CZK - školné 2010  ',	2012),
(1639,	1,	5,	5,	'2013-02-13',	4750,	NULL,	'22.11.2010 - 4.750,- CZK - školné 2011 ',	2012),
(1640,	1,	5,	5,	'2013-02-13',	950,	NULL,	'22.11.2010 - 950,- CZK - příspěvek na jídlo ',	2012),
(1641,	1,	5,	5,	'2013-02-13',	4800,	'hotove',	'31.10.2011 - 4.800,- - skolne 2012',	2012),
(1642,	1,	5,	5,	'2013-02-13',	5800,	'hotove',	'1.11.2012 - 5.800,- - skolne 2013',	2012),
(1643,	1,	6,	6,	'2013-02-13',	4250,	'135967382/0300',	'11.11.2010 - 4.250,- CZK - školné 2011  ',	2012),
(1644,	1,	6,	6,	'2013-02-13',	5000,	'135967382/0300',	'12.12.2011 - 5.000,- - skolne 2012 napul',	2012),
(1645,	1,	6,	6,	'2013-02-13',	500,	'135967382/0300',	'13.11.2012 - 500,- - vanocni darek 2013',	2012),
(1646,	1,	9,	9,	'2013-02-13',	5500,	'184361731/0300',	'23.10.2009 - 5.500,- - školné 2010  ',	2012),
(1647,	1,	9,	9,	'2013-02-13',	5000,	'184361731/0300',	'14.10.2010 - 5.000,- - skolne 2011',	2012),
(1648,	1,	9,	9,	'2013-02-13',	5500,	'184361731/0300',	'10.11.2011 - 5.500,- - skolne 2012',	2012),
(1649,	1,	9,	9,	'2013-02-13',	7000,	'184361731/0300',	'1.11.2012 - 7.000,- - skolne 2013',	2012),
(1650,	1,	9,	9,	'2013-02-13',	2000,	'184361731/0300',	'19.11.2012 - 2.000,- - 1x koza Annet, 1x jine dite',	2012),
(1651,	1,	10,	10,	'2013-02-13',	8500,	'1309479173/0800',	'12.04.2012 - 8.500,- - skolne 2012',	2012),
(1652,	1,	10,	10,	'2013-02-13',	10000,	'1309479173/0800',	'17.10.2012 - 10.000,- - skolne 2013  ',	2012),
(1653,	1,	12,	12,	'2013-02-13',	4750,	'4697806001/5500',	'20.10.2009 - 4.750,- CZK - skolne 2010  ',	2012),
(1654,	1,	12,	12,	'2013-02-13',	4750,	'4697806001/5500',	'19.11.2010 - 4.750,- CZK - školné 2011 ',	2012),
(1655,	1,	12,	12,	'2013-02-13',	5750,	'4697806001/5500',	'27.10.2011 - 5.750,- - skolne 2012 + vanocni darek',	2012),
(1656,	1,	12,	12,	'2013-02-13',	6500,	'4697806001/5500',	'12.11.2012 - 6.500,- - skolne 2013 + vanocni darek',	2012),
(1657,	1,	14,	14,	'2013-02-13',	4750,	NULL,	'15.11.2010 - 4.750,- CZK - školné 2011 ',	2012),
(1658,	1,	14,	14,	'2013-02-13',	7000,	'191176817/0300',	'31.10.2011 - 7.000,- - skolne 2012 + vanocni darek',	2012),
(1659,	1,	14,	14,	'2013-02-13',	5800,	'191176817/0300',	'19.10.2012 - 5.800,- - skolne 2013',	2012),
(1660,	1,	14,	14,	'2013-02-13',	2000,	'191176817/0300',	'19.10.2012 - 2.000,- - vanocni darek',	2012),
(1661,	1,	15,	15,	'2013-02-13',	4750,	'1013044947/5500',	'2.11.2009 - 4.750,- CZK - skolne 2010',	2012),
(1662,	1,	15,	15,	'2013-02-13',	1000,	'1013044947/5500',	'2.11.2010 - 1.000,- - vánoční dárek ',	2012),
(1663,	1,	15,	15,	'2013-02-13',	4750,	'1013044947/5500',	'2.11.2010 - 4.750,- - školné 2011 ',	2012),
(1664,	1,	15,	15,	'2013-02-13',	1000,	'1013044947/5500',	'31.10.2011 - 1.000,- - vanocni darek',	2012),
(1665,	1,	15,	15,	'2013-02-13',	4750,	'1013044947/5500',	'31.10.2011 - 4.750,- - skolne 2012',	2012),
(1666,	1,	15,	15,	'2013-02-13',	5800,	'6450380001/5500',	'30.10.2012 - 5.800,- - skolne 2013',	2012),
(1667,	1,	15,	15,	'2013-02-13',	2000,	'6450380001/5500',	'30.10.2012 - 2.000,- - vanocni darek',	2012),
(1668,	1,	16,	16,	'2013-02-13',	6750,	'1091852173/0800',	'25.2.2009 - 6.750,- - skolne 2009',	2012),
(1669,	1,	16,	16,	'2013-02-13',	8500,	'51-1832030207/0100',	'3.11.2009 - 8.500,-CZK - školné 2010  ',	2012),
(1670,	1,	16,	16,	'2013-02-13',	8500,	'51-1832030207/0100',	'8.11.2010 - 8.500,- - školné 2011 ',	2012),
(1671,	1,	16,	16,	'2013-02-13',	9500,	'51-1832030207/0100',	'8.11.2011 - 9.500,- - skolne 2012 + vanocni darek',	2012),
(1672,	1,	16,	16,	'2013-02-13',	10300,	'51-1832030207/0100',	'25.10.2012 - 10.300,- - skolne 2013 + vanocni darek',	2012),
(1673,	1,	2,	17,	'2013-02-13',	5750,	'389224001/5500',	'16.3.2009 - 5.750,- - skolne 2009 - doplatek',	2012),
(1674,	1,	2,	17,	'2013-02-13',	8500,	'389224001/5500',	'22.10.2009 - 8.500,- - skolne 2010 ',	2012),
(1675,	1,	2,	17,	'2013-02-13',	8500,	'389224001/5500',	'15.10.2010 - 8.500,- - skolne 2011',	2012),
(1676,	1,	2,	17,	'2013-02-13',	8500,	'389224001/5500',	'03.10.2011 - 8.500,- - skolne 2012',	2012),
(1677,	1,	2,	17,	'2013-02-13',	500,	'389224001/5500',	'31.10.2011 - 500, -CZK - vanocni darek',	2012),
(1678,	1,	2,	17,	'2013-02-13',	10500,	'389224001/5500',	'23.10.2012 - 10.500,- - skolne 2013 + vanocni darek',	2012),
(1679,	1,	18,	18,	'2013-02-13',	4750,	NULL,	'29.10.2009 - 4.750,- - skolne 2010 ',	2012),
(1680,	1,	18,	18,	'2013-02-13',	1000,	NULL,	'29.10.2009 - 1.000,- - jidlo ',	2012),
(1681,	1,	18,	18,	'2013-02-13',	4750,	'203914769/0300',	'29.10.2009 - 4.750,- - školné 2010  - Jaroslava prihodova',	2012),
(1682,	1,	18,	18,	'2013-02-13',	1000,	'203914769/0300',	'29.10.2009 - 1.000,- - jídlo 2010 - Jaroslava prihodova',	2012),
(1683,	1,	18,	18,	'2013-02-13',	1000,	'203914769/0300',	'2.11.2010 - 1.000,- - jídlo 2011 ',	2012),
(1684,	1,	18,	18,	'2013-02-13',	4750,	'203914769/0300',	'2.11.2010 - 4.750,- - školné 2011 ',	2012),
(1685,	1,	18,	18,	'2013-02-13',	1000,	'203914769/0300',	'20.09.2011 - 1.000,- - navic',	2012),
(1686,	1,	18,	18,	'2013-02-13',	4750,	'203914769/0300',	'20.09.2011 - 4.750,- - skolne 2012',	2012),
(1687,	1,	18,	18,	'2013-02-13',	5800,	'203914769/0300',	'4.10.2012 - 5.800,- - skolne 2013',	2012),
(1688,	1,	18,	18,	'2013-02-13',	1000,	'203914769/0300',	'4.10.2012 - 1.000,- - darek',	2012),
(1689,	1,	19,	19,	'2013-02-13',	5000,	'Ceska Posta',	'30.10.2009 - 5.000,- - školné 2010  ',	2012),
(1690,	1,	19,	19,	'2013-02-13',	5000,	'Ceska Posta',	'26.10.2010 - 5.000,- - skolne 2011',	2012),
(1691,	1,	19,	19,	'2013-02-13',	5000,	'Ceska Posta',	'3.11.2011 - 5.000,- - skolne 2012 - napul',	2012),
(1692,	1,	19,	19,	'2013-02-13',	1500,	'Ceska Posta',	'22.3.2012 - 1.500,- - penize navic - Chris si vybere',	2012),
(1693,	1,	19,	19,	'2013-02-13',	5500,	'Ceska Posta',	'11.10.2012 - 5.500,- - skolne 2013',	2012),
(1694,	1,	20,	20,	'2013-02-13',	5000,	'8252173/0800',	'1.12.2009 - 5.000,- CZK - skolne 2010',	2012),
(1695,	1,	20,	20,	'2013-02-13',	5000,	'8252173/0800',	'22.11.2010 - 5.000,- CZK - školné 2011 ',	2012),
(1696,	1,	20,	20,	'2013-02-13',	8500,	'8252173/0800',	'16.11.2011 - 8.500,- - skolne 2012',	2012),
(1697,	1,	22,	22,	'2013-02-13',	5000,	'184361731/0300',	'12.2.2009 - 5.000,- - skolne 2009',	2012),
(1698,	1,	22,	22,	'2013-02-13',	4000,	'184361731/0300',	'10.11.2009 - 4.000,- CZK - školné 2010 ',	2012),
(1699,	1,	22,	22,	'2013-02-13',	2000,	'184361731/0300',	'23.10.2009 - 2.000,- - školné 2010  - Sona Bruhova',	2012),
(1700,	1,	22,	22,	'2013-02-13',	3500,	'184361731/0300',	'29.12.2009 - 3.500,-CZK - skolne 2010 - Sona Bruhova ',	2012),
(1701,	1,	22,	22,	'2013-02-13',	3500,	'184361731/0300',	'24.11.2010 - 3.500,- CZK - školné 2011 ',	2012),
(1702,	1,	22,	22,	'2013-02-13',	5500,	'184361731/0300',	'17.03.2011 - 5.500,- - skolne 2011',	2012),
(1703,	1,	22,	22,	'2013-02-13',	4000,	'184361731/0300',	'10.11.2011 - 4.000,- - skolne 2012 - Sona Bruhova',	2012),
(1704,	1,	22,	22,	'2013-02-13',	5000,	'184361731/0300',	'10.2.2012 - 5.000,- - skolne 2012 - Sona Bruhova ',	2012),
(1705,	1,	24,	24,	'2013-02-13',	4750,	'2067806163/0800',	'2.11.2009 - 4.750,- CZK - školné 2010 - Jiri Strycek ',	2012),
(1706,	1,	24,	24,	'2013-02-13',	8500,	'2067806163/0800',	'1.11.2010 - 8.500,- - školné 2011 ',	2012),
(1707,	1,	24,	24,	'2013-02-13',	2500,	'2067806163/0800',	'1.11.2010 - 2.500,- - internát ',	2012),
(1708,	1,	24,	24,	'2013-02-13',	5000,	'2067806163/0800',	'1.11.2010 - 5.000,- - domek ',	2012),
(1709,	1,	24,	24,	'2013-02-13',	10000,	'748814063/0800',	'21.10.2011 - 10.000,- - skolne 2012 + vanocni darek',	2012),
(1710,	1,	24,	24,	'2013-02-13',	10800,	'7263528001/5500',	'1.11.2012 - 10.800,- - skolne 2013 + vanocni darek',	2012),
(1711,	1,	25,	25,	'2013-02-13',	4750,	'374478033/0300',	'26.10.2009 - 4.750,- - školné 2010  ',	2012),
(1712,	1,	25,	25,	'2013-02-13',	4750,	'374478033/0300',	'16.11.2010 - 4.750,- CZK - školné 2011 ',	2012),
(1713,	1,	25,	25,	'2013-02-13',	8500,	'374478033/0300',	'16.11.2011 - 8.500,- - skolne 2012',	2012),
(1714,	1,	25,	25,	'2013-02-13',	3750,	'374478033/0300',	'7.12.2011 - 3.750,- - skolne 2011 - doplatek',	2012),
(1715,	1,	26,	26,	'2013-02-13',	8500,	'78-2381280227/0100',	'25.9.2009 - 8.500,- - skolne 2009',	2012),
(1716,	1,	26,	26,	'2013-02-13',	8500,	'vlozeno hotove',	'18.11.2009 - 8.500,- - dar pro vsechny deti',	2012),
(1717,	1,	26,	26,	'2013-02-13',	8500,	'vlozeno hotove',	'29.3.2011 - 8.500,- CZK - školné 2010 ',	2012),
(1718,	1,	27,	27,	'2013-02-13',	5000,	'3074660267/0100',	'30.10.2009 - 5.000,- - školné 2010  ',	2012),
(1719,	1,	27,	27,	'2013-02-13',	4750,	'3074660267/0100',	'29.10.2010 - 4.750,- - skolne 2011',	2012),
(1720,	1,	27,	27,	'2013-02-13',	450,	'3074660267/0100',	'29.10.2010 - 450,- - darek - Vanoce 2010',	2012),
(1721,	1,	27,	27,	'2013-02-13',	2000,	' 623295001/5500',	'31.05.2011 - 2.000 Kc - extra pomoc - Josef zadina',	2012),
(1722,	1,	27,	27,	'2013-02-13',	4000,	'3074660267/0100',	'16.06.2011 - 4.000,- - extra pomoc',	2012),
(1723,	1,	27,	27,	'2013-02-13',	10500,	'3074660267/0100',	'2.11.2011 - 10.500,- - skolne 2012 + nakup na internat',	2012),
(1724,	1,	27,	27,	'2013-02-13',	10000,	'3074660267/0100',	'30.10.2012 - 10.000,- - skolne 2013 + vanocni darek',	2012),
(1725,	1,	28,	28,	'2013-02-13',	3500,	'1322986399/0800',	'31.10.2011 - 3.500,- - skolne 2012',	2012),
(1726,	1,	28,	28,	'2013-02-13',	1500,	'1322986399/0800',	'31.10.2011 - 1.500,- - skolne 2012',	2012),
(1727,	1,	28,	28,	'2013-02-13',	5000,	'1231561379/0800',	'31.10.2011 - 5.000,- - skolne 2012 + vanocni darek',	2012),
(1728,	1,	29,	29,	'2013-02-13',	4750,	'8550980257/0100',	'21.10.2009 - 4.750,- CZK - skolne 2010 - Edita Sedova',	2012),
(1729,	1,	29,	29,	'2013-02-13',	4750,	'8550980257/0100',	'9.11.2010 - 4.750,- - školné 2011 ',	2012),
(1730,	1,	29,	29,	'2013-02-13',	4750,	'670100-2208422308/6210',	'8.11.2011 - 4.750,- - skolne 2012',	2012),
(1731,	1,	29,	29,	'2013-02-13',	5800,	'670100-2208422308/6210',	'2.11.2012 - 5.800,- - skolne 2013',	2012),
(1732,	1,	29,	29,	'2013-02-13',	350,	'670100-2208422308/6210',	'2.11.2012 - 350,- - vanocni darek',	2012),
(1733,	1,	30,	30,	'2013-02-13',	10800,	'  242503356/0300',	'3.1.2013 - 10.800,- - skolne 2013 + koza',	2012),
(1734,	1,	31,	31,	'2013-02-13',	4750,	'2200526268/6210',	'20.10.2009 - 4.750,- CZK - skolne 2010  ',	2012),
(1735,	1,	31,	31,	'2013-02-13',	4750,	'2200526268/6210',	'1.11.2010 - 4.750,- - školné 2011 ',	2012),
(1736,	1,	31,	31,	'2013-02-13',	3750,	'2200526268/6210',	'08.06.2011 - 3750,- - skolne 2011 doplatek',	2012),
(1737,	1,	31,	31,	'2013-02-13',	8500,	'2200526268/6210',	'26.10.2011 - 8.500,- - skolne 2012',	2012),
(1738,	1,	31,	31,	'2013-02-13',	9800,	'2200526268/6210',	'14.9.2012 - 9.800,- - skolne 2013 a 2014 - rozdelit, dal neplati',	2012),
(1739,	1,	32,	32,	'2013-02-13',	4750,	'1156840297/0100',	'19.10.2009 - 4.750,- CZK - skolne 2010  ',	2012),
(1740,	1,	32,	32,	'2013-02-13',	4750,	'1156840297/0100',	'18.10.2010 - 4.750,- - skolne 2011',	2012),
(1741,	1,	32,	32,	'2013-02-13',	4750,	'1156840297/0100',	'27.10.2011 - 4.750,- - skolne 2012',	2012),
(1742,	1,	32,	32,	'2013-02-13',	5800,	'1156840297/0100',	'24.10.2012 - 5.800,- - skolne 2013',	2012),
(1743,	1,	32,	32,	'2013-02-13',	2700,	'1156840297/0100',	'25.10.2012 - 2.700,- - matrace a jidlo',	2012),
(1744,	1,	33,	33,	'2013-02-13',	10500,	'183088761/0300',	'11.2.2010 - 10.500,- - skolne 2010',	2012),
(1745,	1,	33,	33,	'2013-02-13',	8500,	'2700064557/2010',	'01.02.2011 - 8.500,- - skolne 2011',	2012),
(1746,	1,	33,	33,	'2013-02-13',	8500,	'2500061474/2010',	'10.05.2012 - 8500,00 CZK - skolne 2012 - Kovarikova, Hana',	2012),
(1747,	1,	33,	33,	'2013-02-13',	2000,	'2500061474/2010',	'15.11.2012 - 2.000,- - vanocni koza 2x',	2012),
(1748,	1,	34,	34,	'2013-02-13',	4750,	'1389904001/5500',	'22.10.2009 - 4.750,- - skolne 2010  ',	2012),
(1749,	1,	34,	34,	'2013-02-13',	4750,	'1389904001/5500',	'26.10.2010 - 4.750,- - skolne 2011',	2012),
(1750,	1,	34,	34,	'2013-02-13',	1000,	'1389904001/5500',	'22.08.2011 - 1.000,- - koza',	2012),
(1751,	1,	34,	34,	'2013-02-13',	4750,	'1389904001/5500',	'26.10.2011 - 4.750,- - skolne 2012',	2012),
(1752,	1,	34,	34,	'2013-02-13',	2000,	'1389904001/5500',	'21.11.2011 - 2.000 Kc - oprava strechy',	2012),
(1753,	1,	34,	34,	'2013-02-13',	5800,	'1389904001/5500',	'23.10.2012 - 5.800,- - skolne 2013',	2012),
(1754,	1,	36,	36,	'2013-02-13',	250,	'165173719/0300',	'16.01.2009 - 250,- - null',	2012),
(1755,	1,	36,	36,	'2013-02-13',	250,	'165173719/0300',	'31.3.2009 - 250,- - null',	2012),
(1756,	1,	36,	36,	'2013-02-13',	250,	'165173719/0300',	'21.05. - 250,- - null',	2012),
(1757,	1,	36,	36,	'2013-02-13',	250,	'165173719/0300',	'19.06. - 250,- - null',	2012),
(1758,	1,	36,	36,	'2013-02-13',	250,	'165173719/0300',	'07.07. - 250,- - null',	2012),
(1759,	1,	36,	36,	'2013-02-13',	250,	'165173719/0300',	'31.07. - 250,- - null',	2012),
(1760,	1,	36,	36,	'2013-02-13',	250,	'165173719/0300',	'19.10.2009 - 250,- -  ',	2012),
(1761,	1,	36,	36,	'2013-02-13',	5000,	'165173719/0300',	'30.10.2009 - 5.000,- - školné 2010  ',	2012),
(1762,	1,	36,	36,	'2013-02-13',	250,	'165173719/0300',	'3.12.2009 - 250,- CZK - null',	2012),
(1763,	1,	36,	36,	'2013-02-13',	250,	'29853845/0300',	'5.3.2010 - 250,- - null',	2012),
(1764,	1,	36,	36,	'2013-02-13',	250,	'165173719/0300',	'3.5.2010 - 250,- - null',	2012),
(1765,	1,	36,	36,	'2013-02-13',	250,	'165173719/0300',	'05.10.2010 - 250,- - null',	2012),
(1766,	1,	36,	36,	'2013-02-13',	250,	'229853845/0300',	'11.8.2010 - 250,- - null',	2012),
(1767,	1,	36,	36,	'2013-02-13',	250,	'165173719/0300',	'13.9.2010 - 250,- - null',	2012),
(1768,	1,	36,	36,	'2013-02-13',	250,	'165173719/0300',	'5.11.2010 - 250,- -  ',	2012),
(1769,	1,	36,	36,	'2013-02-13',	250,	'165173719/0300',	'15.12.2010 - 250,- CZK -  ',	2012),
(1770,	1,	36,	36,	'2013-02-13',	5000,	'165173719/0300',	'14.01.2011 - 5000,00 CZK - skolne 2011',	2012),
(1771,	1,	36,	36,	'2013-02-13',	250,	'229853845/0300',	'24.03.2011 - 250,- - navic ',	2012),
(1772,	1,	36,	36,	'2013-02-13',	250,	'229853845/0300',	'23.05.2011 - 250,- - navic',	2012),
(1773,	1,	36,	36,	'2013-02-13',	250,	'229853845/0300',	'26.07.2011 - 250,- - navic',	2012),
(1774,	1,	36,	36,	'2013-02-13',	250,	'229853845/0300',	'17.08.2011 - 250 - navic',	2012),
(1775,	1,	36,	36,	'2013-02-13',	250,	'229853845/0300',	'27.09.2011 - 250,- - navic',	2012),
(1776,	1,	36,	36,	'2013-02-13',	5000,	'229853845/0300',	'27.10.2011 - 5.000,- - skolne 2012 + vanocni darek',	2012),
(1777,	1,	36,	36,	'2013-02-13',	250,	'229853845/0300',	'05.01.2012 - 250,- - navic',	2012),
(1778,	1,	36,	36,	'2013-02-13',	200,	'229853845/0300',	'08.08.2012 - 200 - navic',	2012),
(1779,	1,	36,	36,	'2013-02-13',	2500,	'165173719/0300',	'19.9.2012 - 2.500,- - skolne 2013 - 1.cast',	2012),
(1780,	1,	36,	36,	'2013-02-13',	300,	'670100-2200314716/6210',	'21.9.2012 - 300,- - prispevek - Barbora Hubinkova ',	2012),
(1781,	1,	36,	36,	'2013-02-13',	500,	'1371583123/0800',	'25.9.2012 - 500,- - vanocni darek - Sarka Abrhamova',	2012),
(1782,	1,	36,	36,	'2013-02-13',	200,	'1382882073/0800',	'27.9.2012 - 200,- - prispevek - Zuzana Spilkova',	2012),
(1783,	1,	36,	36,	'2013-02-13',	1200,	'165173719/0300',	'2.10.2012 - 1.200,- - skolne 2013 - 2. cast',	2012),
(1784,	1,	36,	36,	'2013-02-13',	2100,	'165173719/0300',	'6.11.2012 - 2.100,- - skolne 2013 - posledni splatka',	2012),
(1785,	1,	37,	37,	'2013-02-13',	500,	'2875664001/5500',	'09.01.09 - 500,- - null',	2012),
(1786,	1,	37,	37,	'2013-02-13',	4750,	'2875664001/5500',	'21.10.2009 - 4.750,- - skolne 2010 ',	2012),
(1787,	1,	37,	37,	'2013-02-13',	4750,	'2875664001/5500',	'9.11.2010 - 4.750,- - školné 2011 ',	2012),
(1788,	1,	37,	37,	'2013-02-13',	4750,	'2875664001/5500',	'8.11.2011 - 4.750,- - skolne 2012',	2012),
(1789,	1,	37,	37,	'2013-02-13',	1000,	'2875664001/5500',	'17.8.2012 - 1.000,- - na matraci a ostatni potrebne veci',	2012),
(1790,	1,	37,	37,	'2013-02-13',	5800,	'2875664001/5500',	'8.10.2012 - 5.800,- - skolne 2013',	2012),
(1791,	1,	39,	39,	'2013-02-13',	500,	'1018174193/0800',	'19.01.2009 - 500,- - null',	2012),
(1792,	1,	39,	39,	'2013-02-13',	500,	'1018174193/0800',	'17.2.2009 - 500,- - skolne 2009',	2012),
(1793,	1,	39,	39,	'2013-02-13',	500,	'1018174193/0800',	'17.3.2009 - 500,- - skolne 2009',	2012),
(1794,	1,	39,	39,	'2013-02-13',	500,	'1018174193/0800',	'17.4.2009 - 500,- -   ',	2012),
(1795,	1,	39,	39,	'2013-02-13',	500,	'1018174193/0800',	'19.05. - 500,- - null',	2012),
(1796,	1,	39,	39,	'2013-02-13',	500,	'1018174193/0800',	'17.06. - 500,- - null',	2012),
(1797,	1,	39,	39,	'2013-02-13',	500,	'1018174193/0800',	'17.07. - 500,- - null',	2012),
(1798,	1,	39,	39,	'2013-02-13',	500,	'1018174193/0800',	'18.08. - 500,- - null',	2012),
(1799,	1,	39,	39,	'2013-02-13',	500,	'1018174193/0800',	'17.9.2009 - 500,- - skolne 2009',	2012),
(1800,	1,	39,	39,	'2013-02-13',	500,	'1018174193/0800',	'19.10.2009 - 500,- -  ',	2012),
(1801,	1,	39,	39,	'2013-02-13',	500,	'1018174193/0800',	'18.11.2009 - 500,- -  ',	2012),
(1802,	1,	39,	39,	'2013-02-13',	500,	'1018174193/0800',	'16.12.2009 - 500,- - null',	2012),
(1803,	1,	39,	39,	'2013-02-13',	500,	'1018174193/0800',	'18.1.2010 - 500,- - skolne 2010',	2012),
(1804,	1,	39,	39,	'2013-02-13',	500,	'1018174193/0800',	'16.2.2010 - 500,- - skolne 2010',	2012),
(1805,	1,	39,	39,	'2013-02-13',	500,	'1018174193/0800',	'16.3.2010 - 500,- - skolne 2010',	2012),
(1806,	1,	39,	39,	'2013-02-13',	500,	'1018174193/0800',	'16.4.2010 - 500,- - skolne 2010',	2012),
(1807,	1,	39,	39,	'2013-02-13',	500,	'1018174193/0800',	'18.10.2010 - 500,- - skolne 2010',	2012),
(1808,	1,	39,	39,	'2013-02-13',	500,	'1018174193/0800',	'16.07.2010 - 500,- - skolne 2010',	2012),
(1809,	1,	39,	39,	'2013-02-13',	500,	'1018174193/0800',	'17.8.2010 - 500,- - skolne 2010',	2012),
(1810,	1,	39,	39,	'2013-02-13',	500,	'1018174193/0800',	'16.9.2010 - 500,- - skolne 2010',	2012),
(1811,	1,	39,	39,	'2013-02-13',	500,	'1018174193/0800',	'16.11.2010 - 500,- - školné 2010 ',	2012),
(1812,	1,	39,	39,	'2013-02-13',	500,	'1018174193/0800',	'15.12.2010 - 500,- CZK - školné 2010 ',	2012),
(1813,	1,	39,	39,	'2013-02-13',	2000,	'1018174193/0800',	'30.12.2010 - 2.000,- CZK - 2x jídlo 2010 ',	2012),
(1814,	1,	39,	39,	'2013-02-13',	500,	'1018174193/0800',	'18.01.2011 - 500, -CZK - skolne 2011',	2012),
(1815,	1,	39,	39,	'2013-02-13',	500,	'1018174193/0800',	'16.02.2011 - 500,- - skolne 2011',	2012),
(1816,	1,	39,	39,	'2013-02-13',	500,	'1018174193/0800',	'16.03.2011 - 500, -CZK - skolne 2011',	2012),
(1817,	1,	39,	39,	'2013-02-13',	500,	'1018174193/0800',	'18.04.2011 - 500, -CZK - skolne 2011',	2012),
(1818,	1,	39,	39,	'2013-02-13',	500,	'1018174193/0800',	'17.05.2011 - 500, -CZK - skolne 2011',	2012),
(1819,	1,	39,	39,	'2013-02-13',	500,	'1018174193/0800',	'16.06.2011 - 500, -CZK - skolne 2011',	2012),
(1820,	1,	39,	39,	'2013-02-13',	500,	'1018174193/0800',	'16.07.2011 - 500, -CZK - skolne 2011',	2012),
(1821,	1,	39,	39,	'2013-02-13',	500,	'1018174193/0800',	'16.08.2011 - 500, -CZK - skolne 2011',	2012),
(1822,	1,	39,	39,	'2013-02-13',	500,	'1018174193/0800',	'16.09.2011 - 500, -CZK - skolne 2011',	2012),
(1823,	1,	39,	39,	'2013-02-13',	500,	'1018174193/0800',	'18.10.2011 - 500, -CZK - skolne 2011',	2012),
(1824,	1,	39,	39,	'2013-02-13',	1000,	'1018174193/0800',	'31.10.2011 - 1.000,- - jidlo na vanoce',	2012),
(1825,	1,	39,	39,	'2013-02-13',	500,	'1018174193/0800',	'16.11.2011 - 500, -CZK - skolne 2011',	2012),
(1826,	1,	39,	39,	'2013-02-13',	500,	'1018174193/0800',	'16.12.2011 - 500, -CZK - skolne 2011',	2012),
(1827,	1,	39,	39,	'2013-02-13',	500,	'1018174193/0800',	'17.01.2012 - 500, -CZK - skolne 2012',	2012),
(1828,	1,	39,	39,	'2013-02-13',	500,	'1018174193/0800',	'16.02.2012 - 500, -CZK - skolne 2012',	2012),
(1829,	1,	39,	39,	'2013-02-13',	10000,	'1018174193/0800',	'31.12.2012 - 10.000,- - skolne 2013 + vanocni darek',	2012),
(1830,	1,	190,	40,	'2013-02-13',	4750,	'19-8485810277/0100',	'21.10.2009 - 4.750,- CZK - skolne 2010  ',	2012),
(1831,	1,	190,	40,	'2013-02-13',	4750,	'19-8485810277/0100',	'12.10.2010 - 4.750,- - skolne 2011',	2012),
(1832,	1,	190,	40,	'2013-02-13',	5250,	'19-8485810277/0100',	'27.10.2011 - 5.250,- - skolne 2012 + vanocni darek',	2012),
(1833,	1,	41,	41,	'2013-02-13',	4750,	'1021096472/5500',	'2.11.2009 - 4.750,- CZK - školné 2010  ',	2012),
(1834,	1,	41,	41,	'2013-02-13',	4750,	'1021096472/5500',	'9.11.2010 - 4.750,- - školné 2011 ',	2012),
(1835,	1,	41,	41,	'2013-02-13',	5500,	'1021096472/5500',	'2.11.2011 - 5.500,- - skolne 2012',	2012),
(1836,	1,	41,	41,	'2013-02-13',	6301,	'19-2271240267/0100',	'19.10.2012 - 6.301,- - skolne 2013 + vanocni darek',	2012),
(1837,	1,	42,	42,	'2013-02-13',	4750,	'1017154043/0800',	'17.9.2009 - 4.750,- - skolne 2010',	2012),
(1838,	1,	42,	42,	'2013-02-13',	3000,	'1017154043/0800',	'12.7.2010 - 3.000,- - skolne 2010',	2012),
(1839,	1,	42,	42,	'2013-02-13',	3250,	'1017154043/0800',	'29.9.2010 - 3.250,- - skolne 2010',	2012),
(1840,	1,	42,	42,	'2013-02-13',	1750,	'1017154043/0800',	'29.9.2010 - 1.750,- - skolne 2011 - na casti',	2012),
(1841,	1,	42,	42,	'2013-02-13',	3000,	'1017154043/0800',	'2.11.2010 - 3.000,- - školné 2011 ',	2012),
(1842,	1,	42,	42,	'2013-02-13',	5000,	'1017154043/0800',	'16.06.2011 - 5000,00 CZK - skolne 2011',	2012),
(1843,	1,	42,	42,	'2013-02-13',	3500,	'1017154043/0800',	'30.09.2011 - 3.500,- - skolne 2012',	2012),
(1844,	1,	42,	42,	'2013-02-13',	5000,	'1017154043/0800',	'1.11.2011 - 5.000,- - skolne 2012 - doplatek',	2012),
(1845,	1,	42,	42,	'2013-02-13',	10000,	'1017154043/0800',	'31.10.2012 - 10.000,- - skolne 2013 + vanocni darek',	2012),
(1846,	1,	42,	42,	'2013-02-13',	1000,	'1017154043/0800',	'9.11.2012 - 1.000,- - vanocni darek',	2012),
(1847,	1,	43,	43,	'2013-02-13',	4750,	'1011037372/5500',	'30.9.2009 - 4.750,- - skolne 2010',	2012),
(1848,	1,	43,	43,	'2013-02-13',	4000,	'1011037372/5500',	'30.9.2009 - 4.000,- - navic',	2012),
(1849,	1,	43,	43,	'2013-02-13',	4750,	'1011037372/5500',	'21.10.2010 - 4.750,- - skolne 2011',	2012),
(1850,	1,	43,	43,	'2013-02-13',	4000,	'1011037372/5500',	'21.10.2010 - 4.000,- - navic',	2012),
(1851,	1,	43,	43,	'2013-02-13',	8750,	'1011037372/5500',	'20.09.2011 - 8.750,- - skolne 2012 plus darky na vanoce',	2012),
(1852,	1,	43,	43,	'2013-02-13',	3000,	'1011037372/5500',	'27.10.2011 - 3.000,- - vanocni darky',	2012),
(1853,	1,	43,	43,	'2013-02-13',	4750,	'1011037372/5500',	'21.9.2012 - 4.750,- - skolne 2013',	2012),
(1854,	1,	43,	43,	'2013-02-13',	4000,	'1011037372/5500',	'21.9.2012 - 4.000,- -  vanocni darek ',	2012),
(1855,	1,	43,	43,	'2013-02-13',	2000,	'1011037372/5500',	'7.11.2012 - 2.000,- - vanocni darek',	2012),
(1856,	1,	43,	43,	'2013-02-13',	1050,	'1011037372/5500',	'7.11.2012 - 1.050,- - doplatek skolne 2013',	2012),
(1857,	1,	43,	43,	'2013-02-13',	1000,	'1011037372/5500',	'20.11.2012 - 1.000,- - vanocni koza',	2012),
(1858,	1,	45,	45,	'2013-02-13',	250,	'165173719/0300',	'16.01.2009 - 250,- - null',	2012),
(1859,	1,	45,	45,	'2013-02-13',	250,	'165173719/0300',	'31.3.2009 - 250,- - null',	2012),
(1860,	1,	45,	45,	'2013-02-13',	250,	'165173719/0300',	'21.05. - 250,- - null',	2012),
(1861,	1,	45,	45,	'2013-02-13',	250,	'165173719/0300',	'19.06. - 250,- - null',	2012),
(1862,	1,	45,	45,	'2013-02-13',	250,	'165173719/0300',	'07.07. - 250,- - null',	2012),
(1863,	1,	45,	45,	'2013-02-13',	250,	'165173719/0300',	'31.07. - 250,- - null',	2012),
(1864,	1,	45,	45,	'2013-02-13',	6000,	'414495023/0800',	'22.10.2009 - 6.000,- - skolne 2010 - Stanislav Sindler  ',	2012),
(1865,	1,	45,	45,	'2013-02-13',	250,	'165173719/0300',	'19.10.2009 - 250,- -  ',	2012),
(1866,	1,	45,	45,	'2013-02-13',	250,	'165173719/0300',	'3.12.2009 - 250,- CZK - null',	2012),
(1867,	1,	45,	45,	'2013-02-13',	250,	'29853845/0300',	'5.3.2010 - 250,- - null',	2012),
(1868,	1,	45,	45,	'2013-02-13',	250,	'165173719/0300',	'15.3.2010 - 250,- - null',	2012),
(1869,	1,	45,	45,	'2013-02-13',	250,	'165173719/0300',	'3.5.2010 - 250,- - null',	2012),
(1870,	1,	45,	45,	'2013-02-13',	250,	'165173719/0300',	'05.10.2010 - 250,- - null',	2012),
(1871,	1,	45,	45,	'2013-02-13',	250,	'229853845/0300',	'11.8.2010 - 250,- - null',	2012),
(1872,	1,	45,	45,	'2013-02-13',	250,	'165173719/0300',	'13.9.2010 - 250,- - null',	2012),
(1873,	1,	45,	45,	'2013-02-13',	250,	'165173719/0300',	'5.11.2010 - 250,- -  ',	2012),
(1874,	1,	45,	45,	'2013-02-13',	6000,	'165173719/0300',	'1.11.2010 - 6.000,- - školné 2011 ',	2012),
(1875,	1,	45,	45,	'2013-02-13',	NULL,	'165173719/0300',	'null - null -   ',	2012),
(1876,	1,	45,	45,	'2013-02-13',	250,	'165173719/0300',	'15.12.2010 - 250,- CZK -  ',	2012),
(1877,	1,	45,	45,	'2013-02-13',	250,	'229853845/0300',	'16.03.2011 - 250,- - navic',	2012),
(1878,	1,	45,	45,	'2013-02-13',	250,	'229853845/0300',	'24.03.2011 - 250,- - navic',	2012),
(1879,	1,	45,	45,	'2013-02-13',	250,	'229853845/0300',	'23.05.2011 - 250,- - navic',	2012),
(1880,	1,	45,	45,	'2013-02-13',	250,	'229853845/0300',	'26.07.2011 - 250,- - navic',	2012),
(1881,	1,	45,	45,	'2013-02-13',	250,	'229853845/0300',	'17.08.2011 - 250,- - navic',	2012),
(1882,	1,	45,	45,	'2013-02-13',	250,	'229853845/0300',	'27.09.2011 - 250,- - navic',	2012),
(1883,	1,	45,	45,	'2013-02-13',	6000,	'414495023/0800',	'24.10.2011 - 6.000,- - skolne 2012 + jidlo',	2012),
(1884,	1,	45,	45,	'2013-02-13',	250,	'  229853845/0300',	'05.01.2012 - 250,- - navic',	2012),
(1885,	1,	45,	45,	'2013-02-13',	6500,	'414495023/0800',	'22.10.2012 - 6.500,- - skolne 2013 + vanocni darek',	2012),
(1886,	1,	45,	45,	'2013-02-13',	1000,	'414495023/0800',	'23.11.2012 - 1.000,- - vanocni koza',	2012),
(1887,	1,	46,	46,	'2013-02-13',	4750,	'2077856113/0800',	'23.3.2009 - 4.750,- - skolne 2009',	2012),
(1888,	1,	46,	46,	'2013-02-13',	4750,	'2077856113/0800',	'12.2.2010 - 4.750,- - skolne 2010',	2012),
(1889,	1,	181,	46,	'2013-02-13',	4750,	'285352359/0800',	'07.02.2011 - 4.750,- - skolne 2011',	2012),
(1890,	1,	46,	46,	'2013-02-13',	4750,	'2077856113/0800',	'7.2.2012 - 4.750,- -  skolne 2012',	2012),
(1891,	1,	47,	47,	'2013-02-13',	1000,	'3200054285/6800',	'9.11.2009 - 1.000,- CZK - vánoční dárek  ',	2012),
(1892,	1,	47,	47,	'2013-02-13',	4750,	'3200054285/6800',	'3.11.2009 - 4.750,- CZK - školné 2010  ',	2012),
(1893,	1,	47,	47,	'2013-02-13',	4750,	'3200054285/6800',	'26.10.2010 - 4.750,- - skolne 2011',	2012),
(1894,	1,	47,	47,	'2013-02-13',	1000,	'3200054285/6800',	'26.10.2010 - 1.000,- - vanocni darek - vanoce 2010',	2012),
(1895,	1,	47,	47,	'2013-02-13',	5750,	'3200054285/6800',	'27.10.2011 - 5.750,- - skolne 2012 + vanocni darek',	2012),
(1896,	1,	47,	47,	'2013-02-13',	6800,	'3200054285/6800',	'25.10.2012 - 6.800,- - skolne 2013 + vanocni darek',	2012),
(1897,	1,	27,	48,	'2013-02-13',	5000,	'3074660267/0100',	'30.10.2009 - 5.000,- - školné 2010  - Renata Bizova',	2012),
(1898,	1,	27,	48,	'2013-02-13',	4750,	'3074660267/0100',	'29.10.2010 - 4.750,- - skolne 2011',	2012),
(1899,	1,	27,	48,	'2013-02-13',	450,	'3074660267/0100',	'29.10.2010 - 450,- - darek - Vanoce 2010',	2012),
(1900,	1,	27,	48,	'2013-02-13',	5000,	'3074660267/0100',	'2.11.2011 - 5.000,- - skolne 2012',	2012),
(1901,	1,	27,	48,	'2013-02-13',	6000,	'3074660267/0100',	'30.10.2012 - 6.000,- - skolne 2013 + vanocni darek',	2012),
(1902,	1,	27,	48,	'2013-02-13',	1000,	'3074660267/0100',	'19.11.2012 - 1.000,- - vanocni koza',	2012),
(1903,	1,	50,	50,	'2013-02-13',	22000,	'174-2703230514/0600',	'12.05. - 22.000,- - skolne 2009',	2012),
(1904,	1,	50,	50,	'2013-02-13',	21000,	'  174-2703230514/0600',	'9.2.2010 - 21.000,- - skolne 2010',	2012),
(1905,	1,	50,	50,	'2013-02-13',	20500,	'174-2703230514/0600',	'20.07.2010 - 20.500,- - skolne 2011 - do kvetna 2011',	2012),
(1906,	1,	50,	50,	'2013-02-13',	15000,	'174-2703230514/0600',	'31.05.2011 - 15000,00 CZK - skolne do kvetna 2012',	2012),
(1907,	1,	50,	50,	'2013-02-13',	2000,	'174-2703230514/0600',	'19.08.2011 - 2.000 Kc - skolne do kvetna 2012 ',	2012),
(1908,	1,	50,	50,	'2013-02-13',	600,	'318259143/0800',	'11.11.2011 - 600,- - navic - Pavla Hudcova  ',	2012),
(1909,	1,	50,	50,	'2013-02-13',	600,	'318259143/0800',	'13.12.2011 - 600,- - navic - Pavla Hudcova  ',	2012),
(1910,	1,	50,	50,	'2013-02-13',	600,	'318259143/0800',	'11.01.2012 - 600,- - navic - Pavla',	2012),
(1911,	1,	50,	50,	'2013-02-13',	600,	'318259143/0800',	'13.2.2012 - 600,- - navic - Pavla Hudcova  ',	2012),
(1912,	1,	50,	50,	'2013-02-13',	600,	'318259143/0800',	'13.3.2012 - 600,- - navic - Pavla Hudcova  ',	2012),
(1913,	1,	50,	50,	'2013-02-13',	600,	'318259143/0800',	'12.6.2012 - 600,- - navic - pavla hudcova',	2012),
(1914,	1,	50,	50,	'2013-02-13',	600,	'318259143/0800',	'11.5.2012 - 600,- - navic - pavla',	2012),
(1915,	1,	50,	50,	'2013-02-13',	600,	'318259143/0800',	'11.4.2012 - 600,- - navic - pavla',	2012),
(1916,	1,	50,	50,	'2013-02-13',	600,	'318259143/0800',	'11.7.2012 - 600,- -  navic - pavla',	2012),
(1917,	1,	50,	50,	'2013-02-13',	600,	'318259143/0800',	'13.08.2012 - 600,- - navic - pavla',	2012),
(1918,	1,	50,	50,	'2013-02-13',	600,	'318259143/0800',	'11.9.2012 - 600,- - pavla',	2012),
(1919,	1,	50,	50,	'2013-02-13',	600,	'318259143/0800',	'11.10.2012 - 600,- - pavla',	2012),
(1920,	1,	50,	50,	'2013-02-13',	23000,	'174-2703230514/0600',	'22.10.2012 - 23.000,- - skolne do unora 2013',	2012),
(1921,	1,	50,	50,	'2013-02-13',	500,	'174-2703230514/0600',	'13.11.2012 - 500,- - pavla',	2012),
(1922,	1,	50,	50,	'2013-02-13',	500,	'174-2703230514/0600',	'11.12.2012 - 500,- - pavla',	2012),
(1923,	1,	51,	51,	'2013-02-13',	5000,	'Ceska Posta',	'30.10.2009 - 5.000,- CZK - školné 2010  ',	2012),
(1924,	1,	51,	51,	'2013-02-13',	5000,	'Ceska Posta',	'19.10.2010 - 5.000,- - skolne 2011',	2012),
(1925,	1,	51,	51,	'2013-02-13',	500,	'hotove',	'28.10.2011 - 500, -CZK - vanocni darek',	2012),
(1926,	1,	51,	51,	'2013-02-13',	5000,	'Ceska Posta',	'18.10.2011 - 5000,00 CZK - skolne 2012 + darek',	2012),
(1927,	1,	51,	51,	'2013-02-13',	5800,	'hotove',	'4.10.2012 - 5.800,- - skolne 2013',	2012),
(1928,	1,	52,	52,	'2013-02-13',	4750,	'51-2659810297/0100',	'22.10.2009 - 4.750,- - skolne 2010  ',	2012),
(1929,	1,	53,	53,	'2013-02-13',	4750,	'100735143/0800',	'2.11.2009 - 4.750,- - školné 2010  ',	2012),
(1930,	1,	53,	53,	'2013-02-13',	4750,	'100735143/0800',	'2.11.2010 - 4.750,- - školné 2011 ',	2012),
(1931,	1,	53,	53,	'2013-02-13',	4750,	'100735143/0800',	'31.10.2011 - 4.750,- - skolne 2012',	2012),
(1932,	1,	53,	53,	'2013-02-13',	5800,	'100735143/0800',	'18.10.2012 - 5.800,- - skolne 2013',	2012),
(1933,	1,	53,	53,	'2013-02-13',	1000,	'100735143/0800',	'26.11.2012 - 1.000,- - vanocni koza',	2012),
(1934,	1,	54,	54,	'2013-02-13',	5000,	'575583083/0800',	'27.10.2009 - 5.000,- - školné 2010  - Vera Krizkova',	2012),
(1935,	1,	54,	54,	'2013-02-13',	4750,	'575583083/0800',	'1.11.2010 - 4.750,- - školné 2011 ',	2012),
(1936,	1,	54,	54,	'2013-02-13',	250,	'575583083/0800',	'1.11.2010 - 250,- - na přilepšenou ',	2012),
(1937,	1,	54,	54,	'2013-02-13',	10500,	'101849863/0300',	'3.11.2011 - 10.500,- - skolne + nakup na internat - Zdenek Krizek',	2012),
(1938,	1,	54,	54,	'2013-02-13',	10800,	'101849863/0300',	'15.10.2012 - 10.800,- - skolne 2013 + vanocni darek',	2012),
(1939,	1,	55,	55,	'2013-02-13',	5000,	'3074660267/0100',	'30.10.2009 - 5.000,- - školné 2010 - Renata Bizova ',	2012),
(1940,	1,	55,	55,	'2013-02-13',	4750,	'3074660267/0100',	'29.10.2010 - 4.750,- - skolne 2011 ',	2012),
(1941,	1,	55,	55,	'2013-02-13',	450,	'3074660267/0100',	'29.10.2010 - 450,- - darek - Vanoce 2010',	2012),
(1942,	1,	55,	55,	'2013-02-13',	5000,	'3074660267/0100',	'2.11.2011 - 5.000,- - skolne 2012',	2012),
(1943,	1,	55,	55,	'2013-02-13',	6000,	'3074660267/0100',	'30.10.2012 - 6.000,- - skolne 2013 + vanocni darek',	2012),
(1944,	1,	55,	55,	'2013-02-13',	1000,	'3074660267/0100',	'19.11.2012 - 1.000,- - vanocni koza',	2012),
(1945,	1,	56,	56,	'2013-02-13',	4750,	'1371583123/0800',	'5.11.2009 - 4.750,- CZK - školné 2010  ',	2012),
(1946,	1,	56,	56,	'2013-02-13',	4750,	'1371583123/0800',	'2.11.2010 - 4.750,- - školné 2011 ',	2012),
(1947,	1,	56,	56,	'2013-02-13',	4750,	'1371583123/0800',	'1.11.2011 - 4.750,- - skolne 2012',	2012),
(1948,	1,	56,	56,	'2013-02-13',	6300,	'1371583123/0800',	'23.10.2012 - 6.300,- - skolne 2013 + vanocni darek',	2012),
(1949,	1,	57,	57,	'2013-02-13',	6000,	'hotove',	'9.10.2009 - 6.000,- CZK - skolne 2010  ',	2012),
(1950,	1,	57,	57,	'2013-02-13',	6000,	'35-7671900247/0100',	'20.10.2010 - 6.000,- - skolne 2011',	2012),
(1951,	1,	57,	57,	'2013-02-13',	6000,	'35-7671900247/0100',	'20.10.2011 - 6.000,- - skolne 2012 + vanocni darek',	2012),
(1952,	1,	57,	57,	'2013-02-13',	10500,	'35-7671900247/0100',	'22.10.2012 - 10.500,- - skolne 2013 + vanocni darek',	2012),
(1953,	1,	57,	57,	'2013-02-13',	1000,	'35-7671900247/0100',	'27.11.2012 - 1.000,- - vanocni koza',	2012),
(1954,	1,	58,	58,	'2013-02-13',	1000,	'1011419063/0800',	'4.11.2009 - 1.000,- CZK - vánoání dárek  2010 ',	2012),
(1955,	1,	58,	58,	'2013-02-13',	4750,	'1011419063/0800',	'4.11.2009 - 4.750,- CZK - školné 2010  ',	2012),
(1956,	1,	58,	58,	'2013-02-13',	4750,	'1011419063/0800',	'15.10.2010 - 4.750,- - skolne 2011',	2012),
(1957,	1,	58,	58,	'2013-02-13',	1000,	'1011419063/0800',	'15.10.2010 - 1.000,- - vancni darek - vanoce 2011 ',	2012),
(1958,	1,	58,	58,	'2013-02-13',	4750,	'1011419063/0800',	'2.11.2011 - 4.750,- - skolne 2012',	2012),
(1959,	1,	58,	58,	'2013-02-13',	1000,	'1011419063/0800',	'2.11.2011 - 1.000,- - vanocni darek',	2012),
(1960,	1,	58,	58,	'2013-02-13',	5800,	'1011419063/0800',	'15.11.2012 - 5.800,- - skolne 2013',	2012),
(1961,	1,	58,	58,	'2013-02-13',	1000,	'1011419063/0800',	'15.11.2012 - 1.000,- - vanocni darek',	2012),
(1962,	1,	59,	59,	'2013-02-13',	4750,	'204600163/0300',	'19.10.2009 - 4.750,- CZK - skolne 2010  ',	2012),
(1963,	1,	59,	59,	'2013-02-13',	4750,	'204600163/0300',	'1.11.2010 - 4.750,- - školné 2011 ',	2012),
(1964,	1,	59,	59,	'2013-02-13',	250,	'204600163/0300',	'17.10.2011 - 250,- - navic',	2012),
(1965,	1,	59,	59,	'2013-02-13',	4750,	'204600163/0300',	'17.10.2011 - 4.750,- - skolne 2012',	2012),
(1966,	1,	59,	59,	'2013-02-13',	1000,	'204600163/0300',	'13.4.2012 - 1.000,- - penize navic - pouzito na kozu ',	2012),
(1967,	1,	59,	59,	'2013-02-13',	2000,	'204600163/0300',	'20.9.2012 - 2.000,- - prispevek na miminko',	2012),
(1968,	1,	59,	59,	'2013-02-13',	500,	'204600163/0300',	'26.11.2012 - 500,- - vanocni darek',	2012),
(1969,	1,	60,	60,	'2013-02-13',	4750,	'19-991540277/0100',	'20.10.2009 - 4.750,- CZK - skolne 2010  ',	2012),
(1970,	1,	60,	60,	'2013-02-13',	500,	'19-991540277/0100',	'20.10.2009 - 500,- CZK -   ',	2012),
(1971,	1,	60,	60,	'2013-02-13',	4750,	'19-1066810457/0100',	'18.10.2010 - 4.750,- - skolne 2011 ',	2012),
(1972,	1,	60,	60,	'2013-02-13',	6250,	'19-1066810457/0100',	'3.11.2010 - 6.250,- - školné 2011 ',	2012),
(1973,	1,	60,	60,	'2013-02-13',	8500,	'19-991540277/0100',	'16.09.2011 - 8.500,- - skolne 2012',	2012),
(1974,	1,	60,	60,	'2013-02-13',	1000,	'19-991540277/0100',	'2.11.2011 - 1.000,- - vanocni darek',	2012),
(1975,	1,	60,	60,	'2013-02-13',	10000,	'19-991540277/0100',	'16.10.2012 - 10.000,- - skolne 2013',	2012),
(1976,	1,	60,	60,	'2013-02-13',	3000,	'19-991540277/0100',	'13.11.2012 - 3.000,- - skolne 2013 + vanocni darek - doplatili Gemmelovi ',	2012),
(1977,	1,	61,	61,	'2013-02-13',	5750,	'1011039693/5500',	'19.2.2009 - 5.750,- - skolne 2009 + internat',	2012),
(1978,	1,	61,	61,	'2013-02-13',	8500,	'1011039693/5500',	'3.11.2009 - 8.500,- CZK - školné 2010 ',	2012),
(1979,	1,	61,	61,	'2013-02-13',	8500,	'1011039693/5500',	'8.11.2010 - 8.500,- - školné 2011 ',	2012),
(1980,	1,	61,	61,	'2013-02-13',	8500,	'1011039693/5500',	'1.11.2011 - 8.500,- - skolne 2012',	2012),
(1981,	1,	61,	61,	'2013-02-13',	10800,	'1011039693/5500',	'23.10.2012 - 10.800,- - skolne 2013 + vanocni darek',	2012),
(1982,	1,	62,	62,	'2013-02-13',	9000,	'2017068123/0800',	'9.2.2010 - 9.000,- - skolne 2010',	2012),
(1983,	1,	62,	62,	'2013-02-13',	8500,	'2017068123/0800',	'07.01.2011 - 8.500,- - skolne 2011',	2012),
(1984,	1,	63,	63,	'2013-02-13',	4750,	'1004019109/5500',	'30.10.2009 - 4.750,- CZK - školné 2010   ',	2012),
(1985,	1,	63,	63,	'2013-02-13',	4750,	'1004019109/5500',	'15.11.2010 - 4.750,- CZK - školné 2011 ',	2012),
(1986,	1,	63,	63,	'2013-02-13',	5000,	'5692740001/5500',	'20.12.2011 - 5.000,- - skolne 2012',	2012),
(1987,	1,	64,	64,	'2013-02-13',	4750,	'209528973/0300',	'30.10.2009 - 4.750,- CZK - školné 2010  - Pavel Kolar',	2012),
(1988,	1,	64,	64,	'2013-02-13',	4750,	'209528973/0300',	'9.11.2010 - 4.750,- CZK -  školné 2011',	2012),
(1989,	1,	64,	64,	'2013-02-13',	8500,	'209528973/0300',	'12.12.2011 - 8.500,- - skolne 2012',	2012),
(1990,	1,	66,	66,	'2013-02-13',	4750,	'1044823003/0800',	'29.10.2009 - 4.750,- CZK - školné 2010  ',	2012),
(1991,	1,	66,	66,	'2013-02-13',	1000,	'1044823003/0800',	'29.10.2009 - 1.000,- CZK - matrace  ',	2012),
(1992,	1,	66,	66,	'2013-02-13',	4750,	'1044823003/0800',	'1.11.2010 - 4.750,- - školné 2011 ',	2012),
(1993,	1,	66,	66,	'2013-02-13',	1000,	'1044823003/0800',	'1.11.2011 - 1.000,- - vanoce',	2012),
(1994,	1,	66,	66,	'2013-02-13',	8500,	'1044823003/0800',	'12.12.2011 - 8.500,- - skolne 2012',	2012),
(1995,	1,	66,	66,	'2013-02-13',	9800,	'1044823003/0800',	'27.11.2012 - 9.800,- - skolne 2013',	2012),
(1996,	1,	66,	66,	'2013-02-13',	1000,	'1044823003/0800',	'27.11.2012 - 1.000,- - vanocni darek',	2012),
(1997,	1,	61,	67,	'2013-02-13',	4750,	'1011039693/5500',	'3.11.2009 - 4.750,- - školné 2010  ',	2012),
(1998,	1,	61,	67,	'2013-02-13',	4750,	'1011039693/5500',	'8.11.2010 - 4.750,- - školné 2011 ',	2012),
(1999,	1,	61,	67,	'2013-02-13',	8000,	'1011039693/5500',	'1.11.2011 - 8.000,- - skolne 2012',	2012),
(2000,	1,	61,	67,	'2013-02-13',	13000,	'1011039693/5500',	'23.10.2012 - 13.000,- - skolne 2013',	2012),
(2001,	1,	69,	69,	'2013-02-13',	4750,	'822046163/0800',	'12.11.2009 - 4.750,- CZK - školné 2010  ',	2012),
(2002,	1,	69,	69,	'2013-02-13',	4750,	'822046163/0800',	'29.10.2010 - 4.750,- - skolne 2011',	2012),
(2003,	1,	69,	69,	'2013-02-13',	1000,	'822046163/0800',	'02.05.2011 - 1.000,- - koza',	2012),
(2004,	1,	69,	69,	'2013-02-13',	4750,	'822046163/0800',	'1.11.2011 - 4.750,- - skolne 2012',	2012),
(2005,	1,	69,	69,	'2013-02-13',	5800,	'822046163/0800',	'12.10.2012 - 5.800,- - skolne 2013',	2012),
(2006,	1,	69,	69,	'2013-02-13',	2000,	'822046163/0800',	'18.10.2012 - 2.000,- - vanocni darek',	2012),
(2007,	1,	69,	69,	'2013-02-13',	4000,	'822046163/0800',	'12.11.2012 - 4.000,- - skolne 2013 - doplatek',	2012),
(2008,	1,	70,	70,	'2013-02-13',	8500,	'294424123/0800',	'6.12.2011 - 8.500,- - skolne 2012',	2012),
(2009,	1,	70,	70,	'2013-02-13',	9800,	'134672574/0300',	'24.10.2012 - 9.800,- - skolne 2013',	2012),
(2010,	1,	70,	70,	'2013-02-13',	1000,	'134672574/0300',	'24.10.2012 - 1.000,- - vanocni darek',	2012),
(2011,	1,	71,	71,	'2013-02-13',	6000,	'51-899650297/0100',	'15.01.2009 - 6.000,- - skolne 2009 + matrace',	2012),
(2012,	1,	71,	71,	'2013-02-13',	4750,	'3286546001/5500',	'26.10.2009 - 4.750,- - školné 2010 - Olga Safrankova',	2012),
(2013,	1,	71,	71,	'2013-02-13',	4750,	'3286546001/5500',	'16.11.2010 - 4.750,- CZK - školné 2011 ',	2012),
(2014,	1,	71,	71,	'2013-02-13',	4750,	'3286546001/5500',	'29.09.2011 - 4.750,- - skolne 2012',	2012),
(2015,	1,	71,	71,	'2013-02-13',	1000,	'3286546001/5500',	'29.09.2011 - 1.000,- - koza',	2012),
(2016,	1,	71,	71,	'2013-02-13',	6250,	'3286546001/5500',	'3.11.2011 - 6250,- - skolne 2012 - doplatek, nakup na internat, vanocni darek',	2012),
(2017,	1,	71,	71,	'2013-02-13',	9800,	'3286546001/5500',	'11.12.2012 - 9.800,- - skolne 2013',	2012),
(2018,	1,	72,	72,	'2013-02-13',	4750,	'2148016163/0800',	'15.12.2009 - 4.750,-CZK - skolne 2010',	2012),
(2019,	1,	72,	72,	'2013-02-13',	4750,	'2148016163/0800',	'1.11.2010 - 4.750,- - školné 2011 ',	2012),
(2020,	1,	72,	72,	'2013-02-13',	6000,	'2148016163/0800',	'8.11.2011 - 6.000,- - skolne 2012 + vanocni darek',	2012),
(2021,	1,	72,	72,	'2013-02-13',	7000,	'2148016163/0800',	'13.11.2012 - 7.000,- - skolne 2013 + vanocni darek',	2012),
(2022,	1,	75,	75,	'2013-02-13',	4750,	'218974588/0300',	'30.10.2009 - 4.750,- - školné 2010   ',	2012),
(2023,	1,	75,	75,	'2013-02-13',	4750,	'218974588/0300',	'29.10.2010 - 4.750,- - skolne 2011',	2012),
(2024,	1,	75,	75,	'2013-02-13',	1000,	'218974588/0300',	'11.10.2011 - 1.000,- - koza',	2012),
(2025,	1,	75,	75,	'2013-02-13',	4750,	'218974588/0300',	'27.10.2011 - 4.750,- - skolne 2012',	2012),
(2026,	1,	75,	75,	'2013-02-13',	7500,	'218974588/0300',	'29.10.2012 - 7.500,- - skolne 2013 + vanocni darek',	2012),
(2027,	1,	76,	76,	'2013-02-13',	4750,	'156237100/0300',	'16.10.2009 - 4.750,- CZK - skolne 2010  ',	2012),
(2028,	1,	76,	76,	'2013-02-13',	4750,	'156237100/0300',	'20.10.2010 - 4.750,- - skolne 2011',	2012),
(2029,	1,	76,	76,	'2013-02-13',	4750,	'156237100/0300',	'27.10.2011 - 4.750,- - skolne 2012',	2012),
(2030,	1,	76,	76,	'2013-02-13',	5800,	'156237100/0300',	'22.10.2012 - 5.800,- - skolne 2013',	2012),
(2031,	1,	76,	76,	'2013-02-13',	1000,	'156237100/0300',	'19.11.2012 - 1.000,- - vanocni koza',	2012),
(2032,	1,	83,	83,	'2013-02-13',	6000,	'153332567/0300',	'18.08. - 6.000,-Kc - skolne 2010, matrace + slepice ',	2012),
(2033,	1,	83,	83,	'2013-02-13',	4750,	'153332567/0300',	'26.10.2010 - 4.750,- - skolne 2011',	2012),
(2034,	1,	83,	83,	'2013-02-13',	1250,	'153332567/0300',	'26.10.2010 - 1.250,- - matrace + slepice',	2012),
(2035,	1,	83,	83,	'2013-02-13',	6250,	'153332567/0300',	'27.10.2011 - 6250,- - skolne 2012 + vanocni darek',	2012),
(2036,	1,	83,	83,	'2013-02-13',	7000,	'153332567/0300',	'26.9.2012 - 7.000,- - skolne 2013 + vanocni darek 1.200,-',	2012),
(2037,	1,	84,	84,	'2013-02-13',	4750,	'215214989/0300',	'25.11.2009 - 4.750,- CZK - školné 2010 - Radek Tulis',	2012),
(2038,	1,	84,	84,	'2013-02-13',	4750,	'1014042978/5500',	'14.02.2011 - 4.750,- - skolne 2011',	2012),
(2039,	1,	84,	84,	'2013-02-13',	4750,	'6201456001/5500',	'10.01.2012 - 4.750,- - skolne 2012 - hana Marhanova',	2012),
(2040,	1,	85,	85,	'2013-02-13',	4750,	'2028175389/0800',	'30.10.2009 - 4.750,- CZK - školné 2010  ',	2012),
(2041,	1,	85,	85,	'2013-02-13',	4750,	'2028175389/0800',	'15.10.2010 - 4.750,- - skolne 2011',	2012),
(2042,	1,	85,	85,	'2013-02-13',	4750,	'2028175389/0800',	'29.09.2011 - 4.750,- - skolne 2012',	2012),
(2043,	1,	85,	85,	'2013-02-13',	1000,	'2028175389/0800',	'23.1.2012 - 1.000,- - matrace, pokryvka, moskytiera',	2012),
(2044,	1,	85,	85,	'2013-02-13',	6300,	'2028175389/0800',	'25.10.2012 - 6.300,- - skolne 2013 + vanocni darek',	2012),
(2045,	1,	87,	87,	'2013-02-13',	400,	'2202063121/6210',	'15.01.2009 - 400,- - skolne 2010 ',	2012),
(2046,	1,	87,	87,	'2013-02-13',	400,	'2202063121/6210',	'16.2.2009 - 400,- - skolne 2010 ',	2012),
(2047,	1,	87,	87,	'2013-02-13',	400,	'2202063121/6210',	'16.3.2009 - 400,- - skolne 2010',	2012),
(2048,	1,	87,	87,	'2013-02-13',	400,	'2202063121/6210',	'15.4.2009 - 400,- - skolne 2010',	2012),
(2049,	1,	87,	87,	'2013-02-13',	400,	'2202063121/6210',	'15.05. - 400,- - skolne 2010',	2012),
(2050,	1,	87,	87,	'2013-02-13',	400,	'2202063121/6210',	'15.06. - 400,- - skolne 2010',	2012),
(2051,	1,	87,	87,	'2013-02-13',	400,	'2202063121/6210',	'15.07. - 400,- -  skolne 2010',	2012),
(2052,	1,	87,	87,	'2013-02-13',	400,	'2202063121/6210',	'17.08. - 400,- - skolne 2010',	2012),
(2053,	1,	87,	87,	'2013-02-13',	400,	'2202063121/6210',	'15.9.2009 - 400,- - skolne 2010',	2012),
(2054,	1,	87,	87,	'2013-02-13',	400,	'2202063121/6210',	'15.10.2009 - 400,- - skolne 2010 ',	2012),
(2055,	1,	87,	87,	'2013-02-13',	400,	'2202063121/6210',	'16.11.2009 - 400,- - školné 2011 ',	2012),
(2056,	1,	87,	87,	'2013-02-13',	400,	'2202063121/6210',	'4.1.2010 - 400,- - skolne 2011',	2012),
(2057,	1,	87,	87,	'2013-02-13',	400,	'  670100-2202063121/6210',	'5.2.2010 - 400,- - skolne 2011',	2012),
(2058,	1,	87,	87,	'2013-02-13',	400,	'670100-2202063121/6210',	'4.3.2010 - 400,- - skolne 2011',	2012),
(2059,	1,	87,	87,	'2013-02-13',	400,	'670100-2202063121/6210',	'2.4.2010 - 400,- - skolne 2011',	2012),
(2060,	1,	87,	87,	'2013-02-13',	400,	'670100-2202063121/6210',	'4.5.2010 - 400,- - skolne 2011',	2012),
(2061,	1,	87,	87,	'2013-02-13',	400,	'670100-2202063121/6210',	'4.10.2010 - 400,- - skolne 2011',	2012),
(2062,	1,	87,	87,	'2013-02-13',	400,	'670100-2202063121/6210',	'16.07.2010 - 400,- - skolne 2011',	2012),
(2063,	1,	87,	87,	'2013-02-13',	400,	'670100-2202063121/6210',	'4.8.2010 - 400,- - skolne 2011',	2012),
(2064,	1,	87,	87,	'2013-02-13',	400,	'670100-2202063121/6210',	'3.9.2010 - 400,- - skolne 2011',	2012),
(2065,	1,	87,	87,	'2013-02-13',	400,	'670100-2202063121/6210',	'4.11.2010 - 400,- - školné 2011 ',	2012),
(2066,	1,	87,	87,	'2013-02-13',	400,	'670100-2202063121/6210',	'4.10.2010 - 400,- - školné 2011 ',	2012),
(2067,	1,	87,	87,	'2013-02-13',	500,	'670100-2202063121/6210',	'3.12.2010 - 500,- CZK - školné 2012 ',	2012),
(2068,	1,	87,	87,	'2013-02-13',	500,	'670100-2202063121/6210',	'04.01.2011 - 500, -CZK - školné 2012    ',	2012),
(2069,	1,	87,	87,	'2013-02-13',	500,	'670100-2202063121/6210',	'04.02.2011 - 500, -CZK - skolne 2012',	2012),
(2070,	1,	87,	87,	'2013-02-13',	500,	'670100-2202063121/6210',	'04.03.2011 - 500, -CZK - skolne 2012',	2012),
(2071,	1,	87,	87,	'2013-02-13',	500,	'670100-2202063121/6210',	'04.04.2011 - 500, -CZK - skolne 2012',	2012),
(2072,	1,	87,	87,	'2013-02-13',	500,	'670100-2202063121/6210',	'04.05.2011 - 500, -CZK - skolne 2012',	2012),
(2073,	1,	87,	87,	'2013-02-13',	500,	'670100-2202063121/6210',	'03.06.2011 - 500, -CZK - skolne 2012',	2012),
(2074,	1,	87,	87,	'2013-02-13',	500,	'670100-2202063121/6210',	'04.07.2011 - 500, -CZK - skolne 2012',	2012),
(2075,	1,	87,	87,	'2013-02-13',	500,	'670100-2202063121/6210',	'04.08.2011 - 500, -CZK - skolne 2012',	2012),
(2076,	1,	87,	87,	'2013-02-13',	500,	'670100-2202063121/6210',	'02.09.2011 - 500, -CZK - skolne 2012',	2012),
(2077,	1,	87,	87,	'2013-02-13',	500,	'670100-2202063121/6210',	'06.10.2011 - 500, -CZK - skolne 2012 ',	2012),
(2078,	1,	87,	87,	'2013-02-13',	500,	'670100-2202063121/6210',	'4.11.2011 - 500, -CZK - skolne 2012',	2012),
(2079,	1,	87,	87,	'2013-02-13',	500,	'670100-2202063121/6210',	'6.12.2011 - 500, -CZK - skolne 2012',	2012),
(2080,	1,	87,	87,	'2013-02-13',	500,	'670100-2202063121/6210',	'15.2.2012 - 500, -CZK - skolne 2012',	2012),
(2081,	1,	87,	87,	'2013-02-13',	500,	'670100-2202063121/6210',	'15.3.2012 - 500, -CZK - skolne 2012',	2012),
(2082,	1,	87,	87,	'2013-02-13',	500,	'670100-2202063121/6210',	'15.6.2012 - 500,- - skolne 2012',	2012),
(2083,	1,	87,	87,	'2013-02-13',	500,	'670100-2202063121/6210',	'13.4.2012 - 500,- - skolne 2012',	2012),
(2084,	1,	87,	87,	'2013-02-13',	500,	'670100-2202063121/6210',	'15.5.2012 - 500,- - skolne 2012',	2012),
(2085,	1,	87,	87,	'2013-02-13',	500,	'670100-2202063121/6210',	'15.08.2012 - 500,- -  skolne 2012',	2012),
(2086,	1,	87,	87,	'2013-02-13',	500,	'670100-2202063121/6210',	'13.7.2012 - 500,- - skolne 2012',	2012),
(2087,	1,	87,	87,	'2013-02-13',	500,	'670100-2202063121/6210',	'14.9.2012 - 500,- - skolne 2012',	2012),
(2088,	1,	87,	87,	'2013-02-13',	600,	'670100-2202063121/6210',	'15.10.2012 - 600,- - skolne 2013',	2012),
(2089,	1,	87,	87,	'2013-02-13',	600,	'670100-2202063121/6210',	'15.11.2012 - 600,- - skolne 2013',	2012),
(2090,	1,	87,	87,	'2013-02-13',	600,	'670100-2202063121/6210',	'14.12.2012 - 600,- - skolne 2013',	2012),
(2091,	1,	88,	88,	'2013-02-13',	680,	'569040023/0800',	'20.10.2009 - 680,- CZK - skolne 2010 - Miroslav Popelar',	2012),
(2092,	1,	88,	88,	'2013-02-13',	680,	'822050023/0800',	'19.10.2009 - 680,- CZK - skolne 2010  - Pavel Plic',	2012),
(2093,	1,	88,	88,	'2013-02-13',	1360,	'2200539210/6210',	'16.10.2009 - 1.360,- CZK - skolne 2010  - bez jmena',	2012),
(2094,	1,	88,	88,	'2013-02-13',	680,	'127997485/0300',	'29.10.2009 - 680,- CZK - školné 2010  - Stanislav Kroupa',	2012),
(2095,	1,	88,	88,	'2013-02-13',	1360,	'395699193/0800',	'29.10.2009 - 1.360,- CZK - školné 2010  - Karel Vana',	2012),
(2096,	1,	88,	88,	'2013-02-13',	1200,	'vklad hotovosti',	'9.7.2010 - 1.200,- - na prilepsenou',	2012),
(2097,	1,	88,	88,	'2013-02-13',	3168,	'vklad hotovosti',	'8.11.2010 - 3.168,- - školné 2011 ',	2012),
(2098,	1,	88,	88,	'2013-02-13',	792,	'vklad hotovosti',	'4.11.2010 - 792,- - školné 2011 ',	2012),
(2099,	1,	88,	88,	'2013-02-13',	792,	'vklad hotovosti',	'24.11.2010 - 792,- CZK - školné 2011 ',	2012),
(2100,	1,	88,	88,	'2013-02-13',	792,	'127997485/0300',	'7.11.2011 - 792,- - skolne 2012 - Stanislav Kroupa',	2012),
(2101,	1,	88,	88,	'2013-02-13',	792,	'822050023/0800',	'18.11.2011 - 792,- - skolne 2012 - Pavel Plic',	2012),
(2102,	1,	88,	88,	'2013-02-13',	2374,	'395699193/0800',	'29.11.2011 - 2.374,- - skolne 2012 - Karel Vana',	2012),
(2103,	1,	88,	88,	'2013-02-13',	792,	'43-7867060227/0100',	'1.11.2011 - 792,- - skolne 2012 - Vitezslav Kopecny',	2012),
(2104,	1,	88,	88,	'2013-02-13',	1000,	'822050023/0800',	'1.10.2012 - 1.000,- - skolne 2013 - Pavel Plic',	2012),
(2105,	1,	88,	88,	'2013-02-13',	4833,	'395699193/0800',	'2.10.2012 - 4.833,- - skolne 2013 - Karel vana',	2012),
(2106,	1,	88,	88,	'2013-02-13',	1700,	'395699193/0800',	'2.10.2012 - 1.700,- - darek - Karel vana',	2012),
(2107,	1,	89,	89,	'2013-02-13',	4750,	'6408717504/0600',	'14.10.2009 - 4.750,- CZK - skolne 2010  ',	2012),
(2108,	1,	89,	89,	'2013-02-13',	1000,	'6408717504/0600',	'14.10.2009 - 1.000,- CZK - matrace  ',	2012),
(2109,	1,	89,	89,	'2013-02-13',	4750,	'571395923/0300',	'14.10.2010 - 4.750,- - skolne 2011',	2012),
(2110,	1,	89,	89,	'2013-02-13',	5750,	'571395923/0300',	'29.11.2011 - 5.750,- - skolne 2012',	2012),
(2111,	1,	89,	89,	'2013-02-13',	5750,	'51-1832030207/0100',	'15.12.2011 - 5.750,- - skolne 2012 - doplatek - Martina Funkova',	2012),
(2112,	1,	89,	89,	'2013-02-13',	10800,	'571395923/0300',	'9.10.2012 - 10.800,- - skolne 2013 + vanocni darek',	2012),
(2113,	1,	90,	90,	'2013-02-13',	4750,	'518460183/0800',	'21.10.2009 - 4.750,- CZK - skolne 2010  ',	2012),
(2114,	1,	90,	90,	'2013-02-13',	800,	'  524851113/0800',	'26.10.2010 - 800,- - obleceni navic - Vanoce 2010',	2012),
(2115,	1,	90,	90,	'2013-02-13',	4750,	'524851113/0800',	'30.9.2010 - 4.750,- - skolne 2011',	2012),
(2116,	1,	90,	90,	'2013-02-13',	5750,	'524851113/0800',	'13.09.2011 - 5.750,- - skolne 2012 + vanocni darek  ',	2012),
(2117,	1,	90,	90,	'2013-02-13',	7800,	'524851113/0800',	'11.10.2012 - 7.800,- -  skolne 2013 + vanocni darek',	2012),
(2118,	1,	91,	91,	'2013-02-13',	4750,	'152710407/0600',	'9.10.2009 - 4.750,- CZK - skolne 2010  ',	2012),
(2119,	1,	91,	91,	'2013-02-13',	4750,	'152710407/0600',	'07.10.2010 - 4.750,- - skolne 2011',	2012),
(2120,	1,	91,	91,	'2013-02-13',	4750,	'296733173/0800',	'13.10.2011 - 4.750,- - skolne 2012',	2012),
(2121,	1,	91,	91,	'2013-02-13',	1000,	'296733173/0800',	'26.10.2011 - 1.000,- - vanocni darek',	2012),
(2122,	1,	91,	91,	'2013-02-13',	6800,	'vklad hotove',	'30.10.2012 - 6.800,- - skolne 2013 + vanocni darek',	2012),
(2123,	1,	92,	92,	'2013-02-13',	4750,	'1170551053/0800',	'20.10.2009 - 4.750,- CZK - skolne 2010  ',	2012),
(2124,	1,	92,	92,	'2013-02-13',	4750,	'1170551053/0800',	'26.10.2010 - 4.750,- - skolne 2011',	2012),
(2125,	1,	92,	92,	'2013-02-13',	4750,	'1170551053/0800',	'24.10.2011 - 4.750,- - skolne 2012',	2012),
(2126,	1,	92,	92,	'2013-02-13',	7000,	'1170551053/0800',	'19.9.2012 - 7.000,- - skolne 2013 + vanocni darek',	2012),
(2127,	1,	94,	94,	'2013-02-13',	1000,	'175040821/0300',	'30.07. - 1.000,- - matrace',	2012),
(2128,	1,	94,	94,	'2013-02-13',	4800,	'175040821/0300',	'18.9.2009 - 4.800,- - skolne 2010',	2012),
(2129,	1,	94,	94,	'2013-02-13',	4800,	'175040821/0300',	'15.10.2010 - 4.800,- - skolne 2011',	2012),
(2130,	1,	94,	94,	'2013-02-13',	4750,	'43-8947940237/0100',	'11.10.2011 - 4.750,- - skolne 2012',	2012),
(2131,	1,	94,	94,	'2013-02-13',	2525,	'43-8947940237/0100',	'16.10.2012 - 2.525,- - skolne 2013',	2012),
(2132,	1,	95,	95,	'2013-02-13',	4750,	'670100-2206575036/6210',	'10.02.2011 - 4.750,- - skolne 2011',	2012),
(2133,	1,	95,	95,	'2013-02-13',	1000,	'670100-2206575036/6210',	'02.03.2011 - 1.000,- - penize navic',	2012),
(2134,	1,	95,	95,	'2013-02-13',	4750,	'670100-2206575036/6210',	'26.10.2011 - 4.750,- - skolne 2012',	2012),
(2135,	1,	95,	95,	'2013-02-13',	1250,	'670100-2206575036/6210',	'26.10.2011 - 1.250,- - vanocni darek',	2012),
(2136,	1,	95,	95,	'2013-02-13',	11000,	'670100-2206575036/6210',	'24.10.2012 - 11.000,- - skolne 2013 + vanocni darek',	2012),
(2137,	1,	96,	96,	'2013-02-13',	4750,	'162268720/0300',	'23.10.2009 - 4.750,- - skolne 2010  ',	2012),
(2138,	1,	96,	96,	'2013-02-13',	4750,	'162268720/0300',	'15.10.2010 - 4.750,- - skolne 2011',	2012),
(2139,	1,	96,	96,	'2013-02-13',	4750,	'162268720/0300',	'31.10.2011 - 4.750,- - skolne 2012',	2012),
(2140,	1,	96,	96,	'2013-02-13',	1000,	'162268720/0300',	'31.10.2011 - 1.000,- - vanocni darek - koza',	2012),
(2141,	1,	96,	96,	'2013-02-13',	5800,	'162268720/0300',	'22.10.2012 - 5.800,- - skolne 2013',	2012),
(2142,	1,	96,	96,	'2013-02-13',	1000,	'162268720/0300',	'8.11.2012 - 1.000,- - vanocni darek',	2012),
(2143,	1,	97,	97,	'2013-02-13',	2000,	'4676336514/0600',	'17.4.2009 - 2.000,- -  pouzit dle potreby',	2012),
(2144,	1,	97,	97,	'2013-02-13',	2000,	'4676336514/0600',	'31.07. - 2.000,- - pouzit dle potreby',	2012),
(2145,	1,	97,	97,	'2013-02-13',	4750,	'4676336514/0600',	'5.10.2009 - 4.750,- - skolne 2010 ',	2012),
(2146,	1,	97,	97,	'2013-02-13',	4750,	'4676336514/0600',	'26.10.2010 - 4.750,- - skolne 2011',	2012),
(2147,	1,	97,	97,	'2013-02-13',	1000,	'4676336514/0600',	'26.10.2010 - 1.000,- - matrace - pokud bude treba',	2012),
(2148,	1,	97,	97,	'2013-02-13',	1000,	'4676336514/0600',	'08.07.2011 - 1.000,- - navic',	2012),
(2149,	1,	97,	97,	'2013-02-13',	4750,	'4676336514/0600',	'14.10.2011 - 4.750,- - skolne 2012',	2012),
(2150,	1,	97,	97,	'2013-02-13',	1000,	'4676336514/0600',	'31.10.2011 - 1.000,- - vanocni darek',	2012),
(2151,	1,	97,	97,	'2013-02-13',	5800,	'4676336514/0600',	'19.10.2012 - 5.800,- - skolne 2013',	2012),
(2152,	1,	97,	97,	'2013-02-13',	2000,	'4676336514/0600',	'23.10.2012 - 2.000,- - vanocni darek',	2012),
(2153,	1,	98,	98,	'2013-02-13',	4750,	'Ceska Posta',	'3.11.2009 - 4.750,- CZK - školné 2010   ',	2012),
(2154,	1,	98,	98,	'2013-02-13',	4750,	'Ceska Posta',	'1.11.2010 - 4.750,- - školné 2011 ',	2012),
(2155,	1,	98,	98,	'2013-02-13',	4750,	'108819931/0300',	'27.10.2011 - 4.750,- - skolne 2012',	2012),
(2156,	1,	98,	98,	'2013-02-13',	5800,	'108819931/0300',	'29.10.2012 - 5.800,- - skolne 2013',	2012),
(2157,	1,	99,	99,	'2013-02-13',	5000,	'211205567/0300',	'7.10.2009 - 5.000,- CZK - skolne 2010  ',	2012),
(2158,	1,	99,	99,	'2013-02-13',	4750,	'211205567/0300',	'05.10.2010 - 4.750,- - skolne 2011',	2012),
(2159,	1,	99,	99,	'2013-02-13',	1250,	'211205567/0300',	'05.10.2010 - 1.250,- - matrace - vanoce 2010',	2012),
(2160,	1,	99,	99,	'2013-02-13',	5000,	'211205567/0300',	'24.10.2011 - 5000,00 CZK - skolne 2012 + darek',	2012),
(2161,	1,	99,	99,	'2013-02-13',	6500,	'211205567/0300',	'8.10.2012 - 6.500,- - skolne 2013 + darek',	2012),
(2162,	1,	100,	100,	'2013-02-13',	4750,	'410048103/0800',	'27.10.2009 - 4.750,- - školné 2010  - Vitezslav Naplava',	2012),
(2163,	1,	100,	100,	'2013-02-13',	4750,	'410048103/0800',	'1.11.2010 - 4.750,- - školné 2011 ',	2012),
(2164,	1,	100,	100,	'2013-02-13',	4750,	'410048103/0800',	'26.10.2011 - 4.750,- - skolne 2012',	2012),
(2165,	1,	100,	100,	'2013-02-13',	500,	'410048103/0800',	'26.10.2011 - 500, -CZK - vanocni darek',	2012),
(2166,	1,	100,	100,	'2013-02-13',	5800,	'410048103/0800',	'16.10.2012 - 5.800,- - skolne 2013',	2012),
(2167,	1,	100,	100,	'2013-02-13',	1000,	'410048103/0800',	'16.10.2012 - 1.000,- - vanocni darek',	2012),
(2168,	1,	101,	101,	'2013-02-13',	4750,	'1749368063/0800',	'01.06.2012 - 4.750,- - skolne 2012',	2012),
(2169,	1,	101,	101,	'2013-02-13',	5800,	'1749368063/0800',	'11.10.2012 - 5.800,- - skolne 2013',	2012),
(2170,	1,	101,	101,	'2013-02-13',	1000,	'1749368063/0800',	'2.11.2012 - 1.000,- - matrace',	2012),
(2171,	1,	102,	102,	'2013-02-13',	4750,	'718720277/0100',	'1.10.2009 - 4.750,- CZK - skolne 2010  - Mucina Josef',	2012),
(2172,	1,	102,	102,	'2013-02-13',	5470,	'718720277/0100',	'30.9.2010 - 5.470,- - skolne 2011',	2012),
(2173,	1,	102,	102,	'2013-02-13',	6250,	'718720277/0100',	'05.10.2011 - 6250,- - skolne 2012 + koza + darek na vanoce',	2012),
(2174,	1,	102,	102,	'2013-02-13',	6300,	'718720277/0100',	'22.10.2012 - 6.300,- - skolne 2013 + vanocni darek',	2012),
(2175,	1,	104,	104,	'2013-02-13',	4750,	'1340931033/0800',	'1.9.2009 - 4.750,- - skolne 2010',	2012),
(2176,	1,	104,	104,	'2013-02-13',	4750,	'1340931033/0800',	'15.9.2010 - 4.750,- - skolne 2011',	2012),
(2177,	1,	104,	104,	'2013-02-13',	5050,	'1340931033/0800',	'20.09.2011 - 5.050,- - skolne 2012 plus vanocni darek',	2012),
(2178,	1,	104,	104,	'2013-02-13',	6300,	'1340931033/0800',	'25.9.2012 - 6.300,- - skolne 2013 + vanocni darek',	2012),
(2179,	1,	105,	105,	'2013-02-13',	1000,	NULL,	'05.05. - 1.000,- - matrace',	2012),
(2180,	1,	105,	105,	'2013-02-13',	4750,	'159006113/0800',	'13.10.2009 - 4.750,- CZK - skolne 2010  ',	2012),
(2181,	1,	105,	105,	'2013-02-13',	4750,	'159006113/0800',	'19.10.2010 - 4.750,- - skolne 2011',	2012),
(2182,	1,	105,	105,	'2013-02-13',	4750,	'159006113/0800',	'11.10.2011 - 4.750,- - skolne 2012',	2012),
(2183,	1,	105,	105,	'2013-02-13',	1000,	'159006113/0800',	'31.10.2011 - 1.000,- - vanocni darek - aktovka, jidlo, slepice',	2012),
(2184,	1,	105,	105,	'2013-02-13',	6800,	'159006113/0800',	'16.10.2012 - 6.800,- - skolne 2013 + vanocni darek',	2012),
(2185,	1,	106,	106,	'2013-02-13',	4750,	'105198316/0300',	'28.06.2011 - 4.750,- - skolne 2011',	2012),
(2186,	1,	106,	106,	'2013-02-13',	4750,	'105198316/0300',	'1.12.2011 - 4.750,- - skolne 2012',	2012),
(2187,	1,	39,	107,	'2013-02-13',	6000,	'1018174193/0800',	'rok 2008 - 6.000 - skolne plus navic ',	2012),
(2188,	1,	39,	107,	'2013-02-13',	6000,	'1018174193/0800',	'rok 2009 - 6.000 - celkem skolne plus penize navic',	2012),
(2189,	1,	39,	107,	'2013-02-13',	6000,	'1018174193/0800',	'rok 2010 - 6.000 - celkem skolne plus penize navic',	2012),
(2190,	1,	39,	107,	'2013-02-13',	6000,	'1018174193/0800',	'rok 2011 - 6.000 -  celkem skolne plus penize navic',	2012),
(2191,	1,	39,	107,	'2013-02-13',	500,	'1018174193/0800',	'12.3.2009 - 500,- Kc - skolne 2009',	2012),
(2192,	1,	39,	107,	'2013-02-13',	500,	'1018174193/0800',	'12.2.2009 - 500,- Kc - skolne 2009',	2012),
(2193,	1,	39,	107,	'2013-02-13',	500,	'1018174193/0800',	'13.1.2009 - 500,- Kc - skolne 2009',	2012),
(2194,	1,	39,	107,	'2013-02-13',	500,	'1018174193/0800',	'15.4.2009 - 500,- - skolne 2009  ',	2012),
(2195,	1,	39,	107,	'2013-02-13',	500,	'1018174193/0800',	'12.05. - 500,- - null',	2012),
(2196,	1,	39,	107,	'2013-02-13',	500,	'1018174193/0800',	'12.06. - 500,- - null',	2012),
(2197,	1,	39,	107,	'2013-02-13',	500,	'1018174193/0800',	'14.07. - 500,- - null',	2012),
(2198,	1,	39,	107,	'2013-02-13',	500,	'1018174193/0800',	'12.08.2009 - 500,- - null',	2012),
(2199,	1,	39,	107,	'2013-02-13',	500,	'1018174193/0800',	'14.9.2009 - 500,- - skolne 2009',	2012),
(2200,	1,	39,	107,	'2013-02-13',	500,	'1018174193/0800',	'13.10.2009 - 500,- -  ',	2012),
(2201,	1,	39,	107,	'2013-02-13',	500,	'1018174193/0800',	'11.11.2009 - 500,- -  ',	2012),
(2202,	1,	39,	107,	'2013-02-13',	500,	'1018174193/0800',	'11.12.2009 - 500,- - null',	2012),
(2203,	1,	39,	107,	'2013-02-13',	500,	'1018174193/0800',	'12.1.2010 - 500,- - skolne 2010',	2012),
(2204,	1,	39,	107,	'2013-02-13',	500,	'1018174193/0800',	'11.2.2010 - 500,- - skolne 2010',	2012),
(2205,	1,	39,	107,	'2013-02-13',	500,	'1018174193/0800',	'11.3.2010 - 500,- - skolne 2010',	2012),
(2206,	1,	39,	107,	'2013-02-13',	500,	'1018174193/0800',	'13.4.2010 - 500,- - skolne 2010',	2012),
(2207,	1,	39,	107,	'2013-02-13',	500,	'1018174193/0800',	'11.5.2010 - 500,- - skolne 2010',	2012),
(2208,	1,	39,	107,	'2013-02-13',	500,	'1018174193/0800',	'12.10.2010 - 500,- - skolne 2010',	2012),
(2209,	1,	39,	107,	'2013-02-13',	500,	'1018174193/0800',	'13.07.2010 - 500,- - skolne 2010',	2012),
(2210,	1,	39,	107,	'2013-02-13',	500,	'1018174193/0800',	'11.8.2010 - 500,- - skolne 2010',	2012),
(2211,	1,	39,	107,	'2013-02-13',	500,	'1018174193/0800',	'13.9.2010 - 500,- - skolne 2010',	2012),
(2212,	1,	39,	107,	'2013-02-13',	500,	'1018174193/0800',	'11.11.2010 - 500,- - školné 2010 ',	2012),
(2213,	1,	39,	107,	'2013-02-13',	500,	'1018174193/0800',	'13.12.2010 - 500,- CZK - školné 2010 ',	2012),
(2214,	1,	39,	107,	'2013-02-13',	500,	'1018174193/0800',	'11.01.2011 - 500, -CZK - skolne 2011',	2012),
(2215,	1,	39,	107,	'2013-02-13',	500,	'1018174193/0800',	'11.02.2011 - 500, -CZK - skolne 2011',	2012),
(2216,	1,	39,	107,	'2013-02-13',	500,	'1018174193/0800',	'11.03.2011 - 500, -CZK - skolne 2011',	2012),
(2217,	1,	39,	107,	'2013-02-13',	500,	'1018174193/0800',	'12.04.2011 - 500, -CZK - skolne 2011 ',	2012),
(2218,	1,	39,	107,	'2013-02-13',	500,	'1018174193/0800',	'11.05.2011 - 500, -CZK - skolne 2011 ',	2012),
(2219,	1,	39,	107,	'2013-02-13',	500,	'1018174193/0800',	'13.06.2011 - 500, -CZK - skolne 2011',	2012),
(2220,	1,	39,	107,	'2013-02-13',	500,	'1018174193/0800',	'12.07.2011 - 500, -CZK - skolne 2011',	2012),
(2221,	1,	39,	107,	'2013-02-13',	500,	'1018174193/0800',	'11.08.2011 - 500, -CZK - skolne 2011',	2012),
(2222,	1,	39,	107,	'2013-02-13',	500,	'1018174193/0800',	'13.09.2011 - 500, -CZK - skolne 2011',	2012),
(2223,	1,	39,	107,	'2013-02-13',	500,	'1018174193/0800',	'11.10.2011 - 500, -CZK - skolne 2011',	2012),
(2224,	1,	39,	107,	'2013-02-13',	500,	'1018174193/0800',	'11.11.2011 - 500, -CZK - skolne 2011',	2012),
(2225,	1,	39,	107,	'2013-02-13',	500,	'1018174193/0800',	'13.12.2011 - 500, -CZK - skolne 2011',	2012),
(2226,	1,	39,	107,	'2013-02-13',	500,	'1018174193/0800',	'11.01.2012 - 500, -CZK - skolne 2012',	2012),
(2227,	1,	39,	107,	'2013-02-13',	500,	'1018174193/0800',	'13.02.2012 - 500, -CZK - skolne 2012',	2012),
(2228,	1,	39,	107,	'2013-02-13',	500,	'1018174193/0800',	'13.3.2012 - 500, -CZK - skolne 2012',	2012),
(2229,	1,	39,	107,	'2013-02-13',	500,	'1018174193/0800',	'12.6.2012 - 500,- - skolne 2012',	2012),
(2230,	1,	39,	107,	'2013-02-13',	500,	'1018174193/0800',	'11.5.2012 - 500,- - skolne 2012',	2012),
(2231,	1,	39,	107,	'2013-02-13',	500,	'1018174193/0800',	'11.4.2012 - 500,- - skolne 2012',	2012),
(2232,	1,	39,	107,	'2013-02-13',	500,	'1018174193/0800',	'11.7.2012 - 500,- - skolne 2012',	2012),
(2233,	1,	39,	107,	'2013-02-13',	3000,	'1018174193/0800',	'9.8.2012 - 3000 - jidlo ',	2012),
(2234,	1,	39,	107,	'2013-02-13',	500,	'1018174193/0800',	'13.08.2012 - 500 - skolne 2012',	2012),
(2235,	1,	39,	107,	'2013-02-13',	500,	'1018174193/0800',	'11.9.2012 - 500,- CZK - skolne 2012',	2012),
(2236,	1,	39,	107,	'2013-02-13',	500,	'1018174193/0800',	'11.10.2012 - 500,- - skolne 2012',	2012),
(2237,	1,	39,	107,	'2013-02-13',	500,	'1018174193/0800',	'13.11.2012 - 500,- - skolne 2012',	2012),
(2238,	1,	39,	107,	'2013-02-13',	3000,	'1018174193/0800',	'23.11.2012 - 3.000,- - vanoce 2013 - jidlo',	2012),
(2239,	1,	39,	107,	'2013-02-13',	500,	'1018174193/0800',	'11.12.2012 - 500,- - skolne 2012',	2012),
(2240,	1,	108,	108,	'2013-02-13',	4750,	'86-7213770297/0100',	'4.3.2009 - 4.750,- CZK - skolne 2009   ',	2012),
(2241,	1,	108,	108,	'2013-02-13',	4750,	'86-7213770297/0100',	'22.10.2009 - 4.750,- - skolne 2010 ',	2012),
(2242,	1,	108,	108,	'2013-02-13',	5000,	'86-7213770297/0100',	'15.10.2010 - 5.000,- - skolne 2011',	2012),
(2243,	1,	108,	108,	'2013-02-13',	4750,	' 19-6808790217/0100',	'29.05.2012 - 4.750,- - skolne 2012',	2012),
(2244,	1,	109,	109,	'2013-02-13',	1000,	'vklad hotove',	'22.05. - 1.000,- - matrace',	2012),
(2245,	1,	109,	109,	'2013-02-13',	4750,	'vklad hotove',	'9.10.2009 - 4.750,- CZK - skolne 2010 ',	2012),
(2246,	1,	109,	109,	'2013-02-13',	4750,	'vklad hotove',	'21.10.2010 - 4.750,- - skolne 2011',	2012),
(2247,	1,	109,	109,	'2013-02-13',	4750,	'vklad hotove',	'25.10.2011 - 4.750,- - skolne 2012',	2012),
(2248,	1,	109,	109,	'2013-02-13',	5800,	'vklad hotove',	'31.10.2012 - 5.800,- - skolne 2013',	2012),
(2249,	1,	110,	110,	'2013-02-13',	4750,	'1011329033/0800',	'10.2.2009 - 4.750,- - skolne 2009',	2012),
(2250,	1,	110,	110,	'2013-02-13',	4750,	'1011329033/0800',	'29.10.2009 - 4.750,- - školné 2010 ',	2012),
(2251,	1,	110,	110,	'2013-02-13',	4750,	'1011329033/0800',	'4.11.2010 - 4.750,- - školné 2011 ',	2012),
(2252,	1,	110,	110,	'2013-02-13',	4750,	'1011329033/0800',	'27.10.2011 - 4.750,- - skolne 2012',	2012),
(2253,	1,	110,	110,	'2013-02-13',	6500,	'1011329033/0800',	'22.10.2012 - 6.500,- - skolne 2013 + vanocni darek',	2012),
(2254,	1,	111,	111,	'2013-02-13',	2375,	'158897102/0600',	'8.9.2009 - 2.375,- - skolne 2010 - Michaela Krcalova  ',	2012),
(2255,	1,	111,	111,	'2013-02-13',	2375,	'158897102/0600',	'12.3.2010 - 2.375,- - skolne 2011 - Michaela Krcalova  ',	2012),
(2256,	1,	111,	111,	'2013-02-13',	2375,	'27-2699320217/0100',	'14.09.2011 - 2.375,- - skolene 2012',	2012),
(2257,	1,	111,	111,	'2013-02-13',	3000,	'27-2699320217/0100',	'26.9.2012 - 3.000,- - skolne 2013 napul',	2012),
(2258,	1,	112,	112,	'2013-02-13',	5144,	NULL,	'13.1.2010 - 5.144,- - skolne 2009 + matrace ',	2012),
(2259,	1,	112,	112,	'2013-02-13',	4880,	NULL,	'28.4.2010 - 4.880,- - skolne 2010 ',	2012),
(2260,	1,	112,	112,	'2013-02-13',	4640,	NULL,	'12.01.2011 - 4.640,- - skolne 2011',	2012),
(2261,	1,	112,	112,	'2013-02-13',	5100,	'prevod',	'24.01.2012 - 5.100,- - skolne 2012',	2012),
(2262,	1,	112,	112,	'2013-02-13',	6295,	'prevod',	'7.11.2012 - 6.295,- - skolne 2013 + vanocni darek',	2012),
(2263,	1,	113,	113,	'2013-02-13',	4750,	'132370353/0300',	'26.10.2009 - 4.750,- - školné 2010  ',	2012),
(2264,	1,	113,	113,	'2013-02-13',	4750,	'132370353/0300',	'3.11.2010 - 4.750,- - školné 2011 ',	2012),
(2265,	1,	113,	113,	'2013-02-13',	4750,	'132370353/0300',	'26.10.2011 - 4.750,- - skolne 2012',	2012),
(2266,	1,	113,	113,	'2013-02-13',	1500,	'132370353/0300',	'26.10.2011 - 1.500,- - vanocni darek',	2012),
(2267,	1,	113,	113,	'2013-02-13',	9800,	'132370353/0300',	'27.11.2012 - 9.800,- - skolne 2013',	2012),
(2268,	1,	113,	113,	'2013-02-13',	1500,	'132370353/0300',	'27.11.2012 - 1.500,- - vanocni darek',	2012),
(2269,	1,	114,	114,	'2013-02-13',	4750,	'35-5725620277/0100',	'8.4.2009 - 4.750,- - skolne 2009',	2012),
(2270,	1,	114,	114,	'2013-02-13',	4750,	'35-5725620277/0100',	'22.10.2009 - 4.750,- - skolne 2010 ',	2012),
(2271,	1,	114,	114,	'2013-02-13',	4750,	'35-5725620277/0100',	'2.11.2010 - 4.750,- - školné 2011 ',	2012),
(2272,	1,	114,	114,	'2013-02-13',	1000,	'35-5725620277/0100',	'1.11.2011 - 1.000,- - vanoce',	2012),
(2273,	1,	114,	114,	'2013-02-13',	4750,	'35-5725620277/0100',	'22.11.2011 - 4.750,- - skolne 2012',	2012),
(2274,	1,	114,	114,	'2013-02-13',	6800,	'35-5725620277/0100',	'16.11.2012 - 6.800,- - skolne 2013 + vanocni darek',	2012),
(2275,	1,	115,	115,	'2013-02-13',	4750,	'601047023/0800',	'29.10.2009 - 4.750,- CZK - školné 2010  ',	2012),
(2276,	1,	115,	115,	'2013-02-13',	4750,	'601047023/0800',	'2.11.2010 - 4.750,- - školné 2011 ',	2012),
(2277,	1,	115,	115,	'2013-02-13',	13000,	'601047023/0800',	'27.10.2011 - 13.000,- - skolne 2012 + vanocni darek',	2012),
(2278,	1,	115,	115,	'2013-02-13',	1000,	'1794324043/0800',	'03.01.2012 - 1.000,- - prispevek na fond 4002 - Eva Vozkova',	2012),
(2279,	1,	115,	115,	'2013-02-13',	13000,	'670100-2203163511/6210',	'30.10.2012 - 13.000,- - skolne 2013 + vanocni darek',	2012),
(2280,	1,	116,	116,	'2013-02-13',	4750,	'Ceska Posta',	'3.11.2009 - 4.750,- CZK - školné 2010  ',	2012),
(2281,	1,	116,	116,	'2013-02-13',	4750,	'Ceska Posta',	'8.11.2010 - 4.750,- CZK - školné 2011 ',	2012),
(2282,	1,	116,	116,	'2013-02-13',	5100,	'386136153/0800',	'1.11.2011 - 5.100,- - skolne 2012 + na vanoce mic',	2012),
(2283,	1,	41,	117,	'2013-02-13',	4750,	'1021096472/5500',	'2.11.2009 - 4.750,- CZK - školné 2010  ',	2012),
(2284,	1,	41,	117,	'2013-02-13',	4750,	'1021096472/5500',	'9.11.2010 - 4.750,- - školné 2011 ',	2012),
(2285,	1,	41,	117,	'2013-02-13',	5500,	'1021096472/5500',	'2.11.2011 - 5.500,- - skolne 2012 + vanocni darek',	2012),
(2286,	1,	41,	117,	'2013-02-13',	6300,	'19-2271240267/0100',	'19.10.2012 - 6.300,- - skolne 2013 + vanocni darek',	2012),
(2287,	1,	118,	118,	'2013-02-13',	4750,	'160987123/0300',	'29.07. - 4.750,- - skolne 2009',	2012),
(2288,	1,	118,	118,	'2013-02-13',	4750,	'160987123/0300',	'26.10.2009 - 4.750,- - školné 2010 ',	2012),
(2289,	1,	118,	118,	'2013-02-13',	4750,	'160987123/0300',	'12.11.2010 - 4.750,- CZK - školné 2011 ',	2012),
(2290,	1,	118,	118,	'2013-02-13',	4750,	'160987123/0300',	'24.10.2011 - 4750,00 CZK - skolne 2012',	2012),
(2291,	1,	118,	118,	'2013-02-13',	4750,	'ceska posta',	'18.10.2012 - 4.750,- - skolne 2013',	2012),
(2292,	1,	118,	118,	'2013-02-13',	1081,	'ceska posta',	'23.10.2012 - 1.081,- - doplatek skolne 2013',	2012),
(2293,	1,	118,	118,	'2013-02-13',	1000,	'ceska posta',	'13.12.2012 - 1.000,- - vanocni koza',	2012),
(2294,	1,	119,	119,	'2013-02-13',	5750,	'1960435399/0800',	'31.08.2009 - 5.750,- Kc - skolne 2010 + matrace',	2012),
(2295,	1,	119,	119,	'2013-02-13',	4750,	'1960435399/0800',	'20.9.2010 - 4.750,- - skolne 2011',	2012),
(2296,	1,	119,	119,	'2013-02-13',	4750,	NULL,	'26.10.2011 - 4.750,- - skolne 2012 - prevedeno od Rose z 2011',	2012),
(2297,	1,	119,	119,	'2013-02-13',	4750,	'1960435399/0800',	'5.1.2012 - 4.750,- - skolne 2013 - prevod od Rose z 2012',	2012),
(2298,	1,	119,	119,	'2013-02-13',	1050,	'1960435399/0800',	'12.11.2012 - 1.050,- - skolne 2013 - doplatek',	2012),
(2299,	1,	119,	120,	'2013-02-13',	5750,	'1960435399/0800',	'31.08.2009 - 5.750,-  Kc - skolne 2010 + matrace',	2012),
(2300,	1,	119,	120,	'2013-02-13',	4750,	'1960435399/0800',	'20.9.2010 - 4.750,- - skolne 2011 -nevycerpano, prevedeno na Yona 2012 ',	2012),
(2301,	1,	119,	120,	'2013-02-13',	2000,	'1960435399/0800',	'11.11.2010 - 2.000,- CZK - jídlo Rose a Yona ',	2012),
(2302,	1,	119,	120,	'2013-02-13',	5750,	'1960435399/0800',	'05.01.2012 - 5.750,- - skolne 2012 + darek vanoce 2011',	2012),
(2303,	1,	121,	121,	'2013-02-13',	4750,	'51-6913260277/0100',	'16.9.2009 - 4.750,- - skolne 2010',	2012),
(2304,	1,	121,	121,	'2013-02-13',	1000,	'51-6913260277/0100',	'1.11.2010 - 1.000,- - na přilepšenou',	2012),
(2305,	1,	121,	121,	'2013-02-13',	4750,	'51-6913260277/0100',	'1.11.2010 - 4.750,- - školné 2011 ',	2012),
(2306,	1,	121,	121,	'2013-02-13',	4750,	'153513560/0600',	'27.4.2012 - 4.750,- - skolne 2012',	2012),
(2307,	1,	122,	122,	'2013-02-13',	4750,	'226072103/0800',	'19.10.2009 - 4.750,- CZK - skolne 2010  ',	2012),
(2308,	1,	122,	122,	'2013-02-13',	1000,	'226072103/0800',	'19.10.2009 - 1.000,- CZK - matrace  ',	2012),
(2309,	1,	122,	122,	'2013-02-13',	4750,	'226072103/0800',	'29.10.2010 - 4.750,- - skolne 2011',	2012),
(2310,	1,	122,	122,	'2013-02-13',	5500,	'226072103/0800',	'31.10.2011 - 5.500,- - skolne 2012 + darek',	2012),
(2311,	1,	122,	122,	'2013-02-13',	5800,	'226072103/0800',	'26.10.2012 - 5.800,- - skolne 2013',	2012),
(2312,	1,	125,	125,	'2013-02-13',	4750,	'51-2806450237/0100',	'26.01.2009 - 4.750,- - skolne 2009',	2012),
(2313,	1,	125,	125,	'2013-02-13',	4750,	'51-2806450237/0100',	'10.9.2009 - 4.750,- - skolne 2010',	2012),
(2314,	1,	125,	125,	'2013-02-13',	2000,	'51-2806450237/0100',	'10.9.2009 - 2.000,- - null',	2012),
(2315,	1,	125,	125,	'2013-02-13',	2000,	'51-2806450237/0100',	'22.1.2010 - 2.000,- - null',	2012),
(2316,	1,	125,	125,	'2013-02-13',	4750,	'51-2806450237/0100',	'13.8.2010 - 4.750,- - skolne 2011',	2012),
(2317,	1,	125,	125,	'2013-02-13',	2000,	'51-2806450237/0100',	'15.02.2011 - 2.000 Kc - penize navic',	2012),
(2318,	1,	125,	125,	'2013-02-13',	4750,	'51-2806450237/0100',	'16.08.2011 - 4.750,- - skolne 2012',	2012),
(2319,	1,	125,	125,	'2013-02-13',	1000,	'51-2806450237/0100',	'16.08.2011 - 1.000,- - koza',	2012),
(2320,	1,	125,	125,	'2013-02-13',	2000,	'51-2806450237/0100',	'6.2.2012 - 2.000 Kc - penize navic',	2012),
(2321,	1,	125,	125,	'2013-02-13',	4750,	'51-2806450237/0100',	'10.8.2012 - 4.750,- - skolne 2013',	2012),
(2322,	1,	125,	125,	'2013-02-13',	2050,	'51-2806450237/0100',	'17.9.2012 - 2.050,- - doplatek skolne 2013 + 1.000,- vanocni darek',	2012),
(2323,	1,	126,	126,	'2013-02-13',	6000,	'189627113/0800',	'26.1.2009 - 6.000,- - skolne 2009',	2012),
(2324,	1,	126,	126,	'2013-02-13',	6000,	'190976716/0600',	'5.10.2009 - 6.000,- - skolne 2010  ',	2012),
(2325,	1,	126,	126,	'2013-02-13',	4750,	'190976716/0600',	'29.10.2010 - 4.750,- - skolne 2011',	2012),
(2326,	1,	126,	126,	'2013-02-13',	1250,	'190976716/0600',	'29.10.2010 - 1.250,- - navic',	2012),
(2327,	1,	126,	126,	'2013-02-13',	6000,	'190976716/0600',	'11.10.2011 - 6.000,- - skolne 2012 + vanocni darek',	2012),
(2328,	1,	126,	126,	'2013-02-13',	7000,	'190976716/0600',	'10.10.2012 - 7.000,- - skolne 2013 + vanocni darek',	2012),
(2329,	1,	126,	126,	'2013-02-13',	1000,	'190976716/0600',	'14.11.2012 - 1.000,- - koza na vanoce',	2012),
(2330,	1,	127,	127,	'2013-02-13',	1500,	'421977143/0800',	'20.01.2009 - 1.500,- - null',	2012),
(2331,	1,	127,	127,	'2013-02-13',	4850,	'9003771207/5500',	'21.01.2009 - 4.850,- - skolne 2009',	2012),
(2332,	1,	127,	127,	'2013-02-13',	1000,	'9003771207/5500',	'5.11.2009 - 1.000,- - školné 2010',	2012),
(2333,	1,	127,	127,	'2013-02-13',	3500,	'9003771207/5500',	'2.11.2009 - 3.500,- - školné 2010 ',	2012),
(2334,	1,	127,	127,	'2013-02-13',	1200,	'9003771207/5500',	'9.11.2010 - 1.200,- - školné 2011 ',	2012),
(2335,	1,	127,	127,	'2013-02-13',	2000,	'9003771207/5500',	'1.11.2010 - 2.000,- - školné 2011 ',	2012),
(2336,	1,	127,	127,	'2013-02-13',	1500,	'ceska posta',	'2.11.2011 - 1.500,- - skolne 2012 - cast',	2012),
(2337,	1,	127,	127,	'2013-02-13',	1500,	'670100-2202510286/6210',	'10.11.2011 - 1.500,- - skolne 2012 - cast',	2012),
(2338,	1,	128,	128,	'2013-02-13',	4750,	'1355447041/0100',	'6.2.2009 - 4.750,- - skolne 2009',	2012),
(2339,	1,	128,	128,	'2013-02-13',	4750,	'579097023/0800',	'23.10.2009 - 4.750,- - skolne 2010  - Petra Jarolimova',	2012),
(2340,	1,	128,	128,	'2013-02-13',	4750,	'579097023/0800',	'3.11.2010 - 4.750,- - školné 2011 ',	2012),
(2341,	1,	128,	128,	'2013-02-13',	4750,	'203590960/0600',	'31.10.2011 - 4.750,- - skolne 2012',	2012),
(2342,	1,	128,	128,	'2013-02-13',	1500,	'203590960/0600',	'22.10.2012 - 1.500,- - matrace, obleceni a boty',	2012),
(2343,	1,	128,	128,	'2013-02-13',	5800,	'203590960/0600',	'22.10.2012 - 5.800,- - skolne 2013',	2012),
(2344,	1,	129,	129,	'2013-02-13',	4750,	'153745492/0600',	'10.3.2009 - 4.750,- - skolne 2009',	2012),
(2345,	1,	129,	129,	'2013-02-13',	5750,	'153745492/0600',	'14.1.2010 - 5.750,- - skolne 2010',	2012),
(2346,	1,	129,	129,	'2013-02-13',	4750,	'153745492/0600',	'12.10.2010 - 4.750,- - skolne 2011',	2012),
(2347,	1,	129,	129,	'2013-02-13',	4750,	'107-171750287/0100',	'03.10.2011 - 4.750,- - skolne 2012',	2012),
(2348,	1,	129,	129,	'2013-02-13',	5800,	'107-171750287/0100',	'2.10.2012 - 5.800,- - skolne 2013',	2012),
(2349,	1,	130,	130,	'2013-02-13',	4750,	'103349088/0300',	'10.3.2009 - 4.750,- - skolne 2009',	2012),
(2350,	1,	130,	130,	'2013-02-13',	4750,	'103349088/0300',	'15.9.2009 - 4.750,- - skolne 2010',	2012),
(2351,	1,	130,	130,	'2013-02-13',	1000,	'103349088/0300',	'20.1.2010 - 1.000,- - matrace - jaromir Sedlak',	2012),
(2352,	1,	130,	130,	'2013-02-13',	4750,	'103349088/0300',	'30.9.2010 - 4.750,- - skolne 2011',	2012),
(2353,	1,	130,	130,	'2013-02-13',	400,	'103349088/0300',	'31.10.2011 - 400,- - vanocni darek',	2012),
(2354,	1,	130,	130,	'2013-02-13',	4750,	'103349088/0300',	'10.10.2011 - 4.750,- - skolne 2012',	2012),
(2355,	1,	130,	130,	'2013-02-13',	4750,	'103349088/0300',	'16.10.2012 - 4.750,- - skolne 2013',	2012),
(2356,	1,	130,	130,	'2013-02-13',	1050,	'103349088/0300',	'25.10.2012 - 1.050,- - skolne 2013 - doplatek',	2012),
(2357,	1,	131,	131,	'2013-02-13',	4750,	'2203300619/6210',	'21.1.2009 - 4.750,- - skolne 2009',	2012),
(2358,	1,	131,	131,	'2013-02-13',	4750,	'2203300619/6210',	'29.10.2009 - 4.750,- - školné 2010 ',	2012),
(2359,	1,	131,	131,	'2013-02-13',	1000,	'2203300619/6210',	'29.10.2009 - 1.000,- - matrace ',	2012),
(2360,	1,	131,	131,	'2013-02-13',	4750,	'2203300619/6210',	'2.11.2010 - 4.750,- - školné 2011 ',	2012),
(2361,	1,	131,	131,	'2013-02-13',	4750,	'2203300619/6210',	'31.10.2011 - 4.750,- - skolne 2012',	2012),
(2362,	1,	131,	131,	'2013-02-13',	6500,	'670100-2203300619/6210',	'25.10.2012 - 6.500,- - skolne 2013 + vanocni darek',	2012),
(2363,	1,	132,	132,	'2013-02-13',	4750,	'1078285143/0800',	'21.08.2009 - 4.750,- Kc - skolne 2009',	2012),
(2364,	1,	132,	132,	'2013-02-13',	4750,	'1078285143/0800',	'11.1.2010 - 4.750,- - skolne 2010',	2012),
(2365,	1,	132,	132,	'2013-02-13',	4750,	'1078285143/0800',	'19.11.2010 - 4.750,- CZK - školné 2011 ',	2012),
(2366,	1,	132,	132,	'2013-02-13',	1000,	'1078285143/0800',	'2.11.2011 - 1.000,- - vanocni darek',	2012),
(2367,	1,	132,	132,	'2013-02-13',	4750,	'1078285143/0800',	'2.11.2011 - 4.750,- - skolne 2012',	2012),
(2368,	1,	132,	132,	'2013-02-13',	5800,	'1078285143/0800',	'17.10.2012 - 5.800,- - skolne 2013',	2012),
(2369,	1,	133,	133,	'2013-02-13',	6000,	'27-6798230207/0100',	'20.01.2009 - 6.000,- - skolne 2009',	2012),
(2370,	1,	133,	133,	'2013-02-13',	5000,	'27-6798230207/0100',	'26.10.2009 - 5.000,- - školné 2010 ',	2012),
(2371,	1,	133,	133,	'2013-02-13',	2000,	'27-6798230207/0100',	'21.1.2010 - 2.000,- - matrace a obleceni',	2012),
(2372,	1,	133,	133,	'2013-02-13',	5000,	'27-6798230207/0100',	'25.10.2010 - 5.000,- - skolne 2011',	2012),
(2373,	1,	133,	133,	'2013-02-13',	6750,	'27-6798230207/0100',	'27.10.2011 - 6.750,- - skolne 2012 + vanocni darek',	2012),
(2374,	1,	133,	133,	'2013-02-13',	9800,	'27-6798230207/0100',	'29.10.2012 - 9.800,- - skolne 2013 + vanocni darek',	2012),
(2375,	1,	134,	134,	'2013-02-13',	4750,	'1573933013/0800',	'5.2.2009 - 4.750,- - skolne 2009',	2012),
(2376,	1,	134,	134,	'2013-02-13',	4750,	'1573933013/0800',	'23.10.2009 - 4.750,- - skolne 2010 ',	2012),
(2377,	1,	134,	134,	'2013-02-13',	4750,	'1573933013/0800',	'2.11.2010 - 4.750,- - školné 2011 ',	2012),
(2378,	1,	134,	134,	'2013-02-13',	5500,	'1573933013/0800',	'1.11.2011 - 5.500,- - skolne + vanocni darek',	2012),
(2379,	1,	134,	134,	'2013-02-13',	6000,	'1573933013/0800',	'13.11.2012 - 6.000,- - skolne 2013 + vanocni darek',	2012),
(2380,	1,	136,	136,	'2013-02-13',	4750,	'844568173/0800',	'9.2.2009 - 4.750,- - skolne 2009',	2012),
(2381,	1,	136,	136,	'2013-02-13',	4750,	'844568173/0800',	'29.10.2009 - 4.750,- CZK - školné 2010  - Kvetuse Vystavelova',	2012),
(2382,	1,	136,	136,	'2013-02-13',	4750,	'844568173/0800',	'16.9.2010 - 4.750,- - skolne 2011',	2012),
(2383,	1,	136,	136,	'2013-02-13',	5750,	'844568173/0800',	'11.10.2011 - 5.750,- - skolne 2012 + matrace',	2012),
(2384,	1,	136,	136,	'2013-02-13',	500,	'844568173/0800',	'6.2.2012 - 500, -CZK - vanocni darek 2011',	2012),
(2385,	1,	136,	136,	'2013-02-13',	7500,	'844568173/0800',	'1.11.2012 - 7.500,- - skolne 2013 + matrace nebo jidlo',	2012),
(2386,	1,	137,	137,	'2013-02-13',	4750,	'2204741811/0100',	'6.3.2009 - 4.750,- - skolne 2009',	2012),
(2387,	1,	137,	137,	'2013-02-13',	4750,	'2204741811/0100',	'30.10.2009 - 4.750,- - školné 2010 ',	2012),
(2388,	1,	137,	137,	'2013-02-13',	1000,	'190166262/0300',	'18.1.2010 - 1.000,- - matrace',	2012),
(2389,	1,	137,	137,	'2013-02-13',	4750,	' 2204741811/0100',	'22.10.2010 - 4.750,- - skolne 2011',	2012),
(2390,	1,	137,	137,	'2013-02-13',	4750,	'2204741811/0100',	'27.10.2011 - 4.750,- - skolne 2012',	2012),
(2391,	1,	137,	137,	'2013-02-13',	1000,	'2204741811/0100',	'27.10.2011 - 1.000,- - vanocni darek',	2012),
(2392,	1,	137,	137,	'2013-02-13',	5800,	'107-770830297/0100',	'22.10.2012 - 5.800,- - skolne 2013',	2012),
(2393,	1,	137,	137,	'2013-02-13',	1000,	'107-770830297/0100',	'22.10.2012 - 1.000,- - vanocni darek',	2012),
(2394,	1,	137,	137,	'2013-02-13',	1000,	'107-770830297/0100',	'16.11.2012 - 1.000,- - vanocni koza - Orthoesthetics',	2012),
(2395,	1,	138,	138,	'2013-02-13',	4750,	'vlozeno',	'9.3.2009 - 4.750,- - skolne 2009',	2012),
(2396,	1,	138,	138,	'2013-02-13',	4750,	'3039154/0300',	'17.9.2009 - 4.750,- - skolne 2010',	2012),
(2397,	1,	138,	138,	'2013-02-13',	6000,	'3039154/0300',	'17.9.2009 - 6.000,- - prispevek na lecebne vylohy',	2012),
(2398,	1,	138,	138,	'2013-02-13',	4750,	'vlozeno hotove',	'20.10.2010 - 4.750,- - skolne 2011',	2012),
(2399,	1,	138,	138,	'2013-02-13',	4750,	'vlozeno hotove',	'23.9.2011 - 4.750,- - skolne 2012',	2012),
(2400,	1,	138,	138,	'2013-02-13',	5800,	'3039154/0300',	'24.10.2012 - 5.800,- - skolne 2013',	2012),
(2401,	1,	137,	139,	'2013-02-13',	4750,	'2204741811/0100',	'9.3.2009 - 4.750,- - skolne 2009',	2012),
(2402,	1,	137,	139,	'2013-02-13',	4750,	'2204741811/0100',	'30.10.2009 - 4.750,- - školné 2010 ',	2012),
(2403,	1,	137,	139,	'2013-02-13',	1000,	'190166262/0300',	'18.1.2010 - 1.000,- - matrace',	2012),
(2404,	1,	137,	139,	'2013-02-13',	4750,	' 2204741811/0100',	'22.10.2010 - 4.750,- - skolne 2011',	2012),
(2405,	1,	137,	139,	'2013-02-13',	1000,	'2204741811/0100',	'27.10.2011 - 1.000,- - vanocni darek',	2012),
(2406,	1,	137,	139,	'2013-02-13',	4750,	'2204741811/0100',	'27.10.2011 - 4.750,- - skolne 2012',	2012),
(2407,	1,	137,	139,	'2013-02-13',	5800,	'107-770830297/0100',	'22.10.2012 - 5.800,- - skolne 2013',	2012),
(2408,	1,	137,	139,	'2013-02-13',	1000,	'107-770830297/0100',	'22.10.2012 - 1.000,- - vanocni darek',	2012),
(2409,	1,	137,	139,	'2013-02-13',	1000,	'107-770830297/0100',	'16.11.2012 - 1.000,- - vanocni koza - potvrzeni Orthoesthetics',	2012),
(2410,	1,	140,	140,	'2013-02-13',	4750,	'51-9086590267/0100',	'6.3.2009 - 4.750,- - skolne 2009',	2012),
(2411,	1,	140,	140,	'2013-02-13',	4750,	'51-9086590267/0100',	'2.3.2010 - 4.750,- - skolne 2010',	2012),
(2412,	1,	140,	140,	'2013-02-13',	4750,	'51-9086590267/0100',	'9.12.2010 - 4.750,- CZK - školné 2011 ',	2012),
(2413,	1,	140,	140,	'2013-02-13',	4750,	'670100-2200492782/6210',	'22.3.2012 - 4.750,- - skolne 2012',	2012),
(2414,	1,	140,	140,	'2013-02-13',	5800,	'670100-2200492782/6210',	'1.11.2012 - 5.800,- - skolne 2013',	2012),
(2415,	1,	141,	141,	'2013-02-13',	4750,	'1766465113/0800',	'17.3.2009 - 4.750,- - skolne 2009',	2012),
(2416,	1,	141,	141,	'2013-02-13',	4750,	'1766465113/0800',	'29.10.2009 - 4.750,- - školné 2010 ',	2012),
(2417,	1,	141,	141,	'2013-02-13',	1000,	'1766465113/0800',	'29.10.2009 - 1.000,- - matrace ',	2012),
(2418,	1,	141,	141,	'2013-02-13',	4750,	'1766465113/0800',	'21.10.2010 - 4.750,- - skolne 2011',	2012),
(2419,	1,	141,	141,	'2013-02-13',	4750,	'1766465113/0800',	'17.10.2011 - 4.750,- - skolne 2012',	2012),
(2420,	1,	141,	141,	'2013-02-13',	350,	'1766465113/0800',	'1.11.2011 - 350,- - vanocni darek',	2012),
(2421,	1,	141,	141,	'2013-02-13',	6500,	'1766465113/0800',	'23.10.2012 - 6.500,- - skolne 2013 + vanocni darek',	2012),
(2422,	1,	142,	142,	'2013-02-13',	4750,	'583236153/0800',	'5.2.2009 - 4.750,- - skolne 2009',	2012),
(2423,	1,	142,	142,	'2013-02-13',	4750,	'2202060940/6210',	'13.10.2009 - 4.750,- - skolne 2010  ',	2012),
(2424,	1,	142,	142,	'2013-02-13',	4750,	'2202060940/6210',	'27.10.2010 - 4.750,- - skolne 2011',	2012),
(2425,	1,	142,	142,	'2013-02-13',	6000,	'583236153/0800',	'14.10.2011 - 6.000,- - skolne 2012 + matrace',	2012),
(2426,	1,	142,	142,	'2013-02-13',	6500,	'583236153/0800',	'2.11.2012 - 6.500,- - skolne 2013 + vanocni darek',	2012),
(2427,	1,	143,	143,	'2013-02-13',	4750,	'2200489647/6210',	'12.2.2009 - 4.750,- - skolne 2009',	2012),
(2428,	1,	143,	143,	'2013-02-13',	4750,	'2200489647/6210',	'9.10.2009 - 4.750,- - skolne 2010 ',	2012),
(2429,	1,	143,	143,	'2013-02-13',	4750,	'2200489647/6210',	'27.10.2009 - 4.750,- - dalsi potreby i pro jine deti',	2012),
(2430,	1,	143,	143,	'2013-02-13',	4750,	'35-7063070227/0100',	'19.10.2010 - 4.750,- - skolne 2011',	2012),
(2431,	1,	143,	143,	'2013-02-13',	4750,	'238780799/0300',	'20.09.2011 - 4.750,- - skolne 2012',	2012),
(2432,	1,	143,	143,	'2013-02-13',	5800,	'238780799/0300',	'24.10.2012 - 5.800,- - skolne 2013',	2012),
(2433,	1,	144,	144,	'2013-02-13',	4750,	'670100-2201840283/6210',	'27.04.2010 - 4750,00 CZK - skolne 2010',	2012),
(2434,	1,	144,	144,	'2013-02-13',	4750,	'670100-2201840283/6210',	'26.10.2010 - 4.750,- - skolne 2011',	2012),
(2435,	1,	144,	144,	'2013-02-13',	5250,	'670100-2201840283/6210',	'31.10.2011 - 5.250,- - skolne 2012 + vanocni darek',	2012),
(2436,	1,	144,	144,	'2013-02-13',	5800,	'123433201/0300',	'30.10.2012 - 5.800,- - skolne 2013',	2012),
(2437,	1,	145,	145,	'2013-02-13',	4750,	'2141791001/5500',	'17.2.2009 - 4.750,- - skolne 2009',	2012),
(2438,	1,	145,	145,	'2013-02-13',	4750,	'2141791001/5500',	'3.11.2009 - 4.750,- - školné 2010  - Tomas Hlavac',	2012),
(2439,	1,	145,	145,	'2013-02-13',	4750,	'2141791001/5500',	'5.11.2010 - 4.750,- - školné 2011 ',	2012),
(2440,	1,	145,	145,	'2013-02-13',	4750,	'2141791001/5500',	'1.11.2011 - 4.750,- - skolne 2012 - Tomas Hlavac',	2012),
(2441,	1,	145,	145,	'2013-02-13',	5800,	'1656445023/0800',	'7.11.2012 - 5.800,- - skolne 2013',	2012),
(2442,	1,	146,	146,	'2013-02-13',	4750,	'1822025033/0800',	'25.2.2009 - 4.750,- - skolne 2009 ',	2012),
(2443,	1,	146,	146,	'2013-02-13',	4750,	'1822025033/0800',	'20.10.2009 - 4.750,- - skolne 2010  - Ondrej Goetz',	2012),
(2444,	1,	146,	146,	'2013-02-13',	1250,	'1822025033/0800',	'2.8.2010 - 1.250,- - matrace/ ve výpisu omylem uvedeno bunda  ',	2012),
(2445,	1,	146,	146,	'2013-02-13',	4750,	'1822025033/0800',	'10.11.2010 - 4.750,- - školné 2011 ',	2012),
(2446,	1,	146,	146,	'2013-02-13',	5750,	'1822025033/0800',	'06.10.2011 - 5.750,- - skolne 2012 + vanocni darek',	2012),
(2447,	1,	146,	146,	'2013-02-13',	5800,	'2048126023/0800',	'14.9.2012 - 5.800 - skolne 2013',	2012),
(2448,	1,	146,	146,	'2013-02-13',	1000,	'2048126023/0800',	'14.9.2012 - 1.000,- - vanocni darek',	2012),
(2449,	1,	147,	147,	'2013-02-13',	6000,	'189627113/0800',	'26.01.2009 - 6.000,- - skolne 2009',	2012),
(2450,	1,	147,	147,	'2013-02-13',	6000,	'190977831/0600',	'20.10.2009 - 6.000,- CZK - skolne 2010  ',	2012),
(2451,	1,	147,	147,	'2013-02-13',	4750,	'190977831/0600',	'29.10.2010 - 4.750,- - skolne 2011',	2012),
(2452,	1,	147,	147,	'2013-02-13',	1250,	'190977831/0600',	'29.10.2010 - 1.250,- - navic',	2012),
(2453,	1,	147,	147,	'2013-02-13',	6000,	'190977831/0600',	'11.10.2011 - 6.000,- - skolne 2012 + vanocni darek',	2012),
(2454,	1,	147,	147,	'2013-02-13',	7000,	'190977831/0600',	'9.10.2012 - 7.000,- - skolne 2013 + vanocni darek',	2012),
(2455,	1,	147,	147,	'2013-02-13',	1000,	'190977831/0600',	'14.11.2012 - 1.000,- - koza na vanoce',	2012),
(2456,	1,	149,	149,	'2013-02-13',	4750,	'3932587001/5500',	'13.4.2012 - 4.750,- - skolne 2012',	2012),
(2457,	1,	149,	149,	'2013-02-13',	5800,	'3932587001/5500',	'23.10.2012 - 5.800,- - skolne 2013',	2012),
(2458,	1,	149,	149,	'2013-02-13',	500,	'3932587001/5500',	'23.10.2012 - 500,- - vanocni darek',	2012),
(2459,	1,	149,	149,	'2013-02-13',	2000,	'3932587001/5500',	'15.11.2012 - 2.000,- - vanocni koza 1x Isaack, 1x libovolne dite',	2012),
(2460,	1,	150,	150,	'2013-02-13',	4750,	'482300603/0300',	'6.2.2009 - 4.750,- - skolne 2009',	2012),
(2461,	1,	150,	150,	'2013-02-13',	1000,	'122694143/0800',	'22.10.2009 - 1.000,- - matrace  - Frantisek Divis',	2012),
(2462,	1,	150,	150,	'2013-02-13',	4750,	'122694143/0800',	'22.10.2009 - 4.750,- - skolne 2010 - Frantisek Divis',	2012),
(2463,	1,	150,	150,	'2013-02-13',	4750,	'122694143/0800',	'22.11.2010 - 4.750,- - školné 2011 - Frantisek Divis ',	2012),
(2464,	1,	150,	150,	'2013-02-13',	5000,	'203369203/0600',	'27.10.2011 - 5.000,- - skolne 2012 + vanocni darek',	2012),
(2465,	1,	150,	150,	'2013-02-13',	6000,	'122694143/0800',	'31.10.2012 - 6.000,- - skolne 2013 + vanocni darek',	2012),
(2466,	1,	151,	151,	'2013-02-13',	4750,	'1075511133/0800',	'19.01.2009 - 4.750,- - skolne 2009',	2012),
(2467,	1,	151,	151,	'2013-02-13',	4750,	'1075511133/0800',	'2.11.2009 - 4.750,- - školné 2010 ',	2012),
(2468,	1,	151,	151,	'2013-02-13',	4750,	'1075511133/0800',	'26.11.2010 - 4.750,- CZK -  skolne 2011 ',	2012),
(2469,	1,	151,	151,	'2013-02-13',	6000,	'1075511133/0800',	'3.11.2011 - 6.000,- - skolne 2012 + vanocni darek',	2012),
(2470,	1,	151,	151,	'2013-02-13',	7000,	'1075511133/0800',	'30.10.2012 - 7.000,- - skolne 2013 + vanocni darek',	2012),
(2471,	1,	152,	152,	'2013-02-13',	4750,	'372546143/0300',	'26.05.2011 - 4750,00 CZK - skolne 2011',	2012),
(2472,	1,	152,	152,	'2013-02-13',	4750,	'372546143/0300',	'26.10.2011 - 4.750,- - skolne 2012',	2012),
(2473,	1,	152,	152,	'2013-02-13',	2000,	'372546143/0300',	'26.10.2011 - 2.000 Kc - vanocni darek',	2012),
(2474,	1,	152,	152,	'2013-02-13',	7000,	'372546143/0300',	'19.10.2012 - 7.000,- - skolne 2013 + vanocni darek',	2012),
(2475,	1,	153,	153,	'2013-02-13',	4750,	'19-3023820267/0100',	'26.4.2010 - 4.750,- - skolne 2010',	2012),
(2476,	1,	153,	153,	'2013-02-13',	4750,	'19-3023820267/0100',	'07.10.2010 - 4.750,- - skolne 2011',	2012),
(2477,	1,	153,	153,	'2013-02-13',	4750,	'19-3023820267/0100',	'04.01.2012 - 4.750,- - skolne 2012',	2012),
(2478,	1,	153,	153,	'2013-02-13',	4750,	'19-3023820267/0100',	'9.10.2012 - 4.750,- - skolne 2013',	2012),
(2479,	1,	153,	153,	'2013-02-13',	1050,	'19-3023820267/0100',	'22.10.2012 - 1.050,- - skolne 2013 - doplatek',	2012),
(2480,	1,	154,	154,	'2013-02-13',	4750,	'218349221/0100',	'28.01.2009 - 4.750,- - skolne 2009',	2012),
(2481,	1,	154,	154,	'2013-02-13',	4750,	'218349221/0100',	'27.10.2009 - 4.750,- - školné 2010 ',	2012),
(2482,	1,	154,	154,	'2013-02-13',	4750,	'218349221/0100',	'26.10.2010 - 4.750,- - skolne 2011',	2012),
(2483,	1,	154,	154,	'2013-02-13',	5750,	'218349221/0100',	'26.10.2011 - 5750,- - skolne 2012 + vanocni darek',	2012),
(2484,	1,	154,	154,	'2013-02-13',	7000,	'218349221/0100',	'27.9.2012 - 7.000,- - skolne 2013 + vanocni darek 1.200,-',	2012),
(2485,	1,	155,	155,	'2013-02-13',	4750,	'895246043/0800',	'27.01.2009 - 4.750,- - skolne 2009',	2012),
(2486,	1,	155,	155,	'2013-02-13',	4750,	'895246043/0800',	'20.10.2009 - 4.750,- - skolne 2010 ',	2012),
(2487,	1,	155,	155,	'2013-02-13',	4750,	'895246043/0800',	'9.11.2010 - 4.750,- - školné 2011 ',	2012),
(2488,	1,	155,	155,	'2013-02-13',	4750,	'895246043/0800',	'1.11.2011 - 4.750,- - skolne 2012',	2012),
(2489,	1,	155,	155,	'2013-02-13',	500,	'895246043/0800',	'1.11.2011 - 500, -CZK - vanoce',	2012),
(2490,	1,	155,	155,	'2013-02-13',	5800,	'2102981291/2700',	'9.11.2012 - 5.800,- - skolne 2013',	2012),
(2491,	1,	156,	156,	'2013-02-13',	4750,	' 670100-2201354883/6210',	'3.2.2010 - 4.750,- - skolne 2010',	2012),
(2492,	1,	156,	156,	'2013-02-13',	4750,	'670100-2201354883/6210',	'7.9.2010 - 4.750,- - skolne 2011',	2012),
(2493,	1,	156,	156,	'2013-02-13',	4750,	'670100-2201354883/6210',	'10.10.2011 - 4.750,- - skolne 2012',	2012),
(2494,	1,	156,	156,	'2013-02-13',	5800,	'670100-2201354883/6210',	'22.10.2012 - 5.800,- - skolne 2013',	2012),
(2495,	1,	157,	157,	'2013-02-13',	4750,	'190501446/0300',	'27.1.2010 - 4.750,- - skolne 2010',	2012),
(2496,	1,	157,	157,	'2013-02-13',	4750,	'190501446/0300',	'1.11.2010 - 4.750,- - školné 2011 ',	2012),
(2497,	1,	157,	157,	'2013-02-13',	4750,	'190501446/0300',	'26.10.2011 - 4.750,- - skolne 2012',	2012),
(2498,	1,	157,	157,	'2013-02-13',	5800,	'9453080227/0100',	'30.10.2012 - 5.800,- - skolne 2013',	2012),
(2499,	1,	157,	157,	'2013-02-13',	1000,	'9453080227/0100',	'16.11.2012 - 1.000,- - vanocni koza - potvrzeni Orthoesthetics',	2012),
(2500,	1,	158,	158,	'2013-02-13',	5000,	' 623295001/5500',	'8.2.2010 - 5.000,- - skolne 2010',	2012),
(2501,	1,	158,	158,	'2013-02-13',	4750,	'623295001/5500',	'29.10.2010 - 4.750,- - skolne 2011',	2012),
(2502,	1,	158,	158,	'2013-02-13',	2000,	'623295001/5500',	'31.05.2011 - 2.000 Kc - extra pomoc',	2012),
(2503,	1,	158,	158,	'2013-02-13',	4750,	'623295001/5500',	'1.11.2011 - 4.750,- - skolne 2012',	2012),
(2504,	1,	158,	158,	'2013-02-13',	5800,	'623295001/5500',	'22.10.2012 - 5.800,- - skolne 2013',	2012),
(2505,	1,	158,	159,	'2013-02-13',	4750,	' 623295001/5500',	'8.2.2010 - 4.750,- - skolne 2010',	2012),
(2506,	1,	158,	159,	'2013-02-13',	4750,	'623295001/5500',	'29.10.2010 - 4.750,- - skolne 2011',	2012),
(2507,	1,	158,	159,	'2013-02-13',	2000,	'623295001/5500',	'31.05.2011 - 2.000 Kc - extra pomoc',	2012),
(2508,	1,	158,	159,	'2013-02-13',	4750,	'623295001/5500',	'1.11.2011 - 4.750,- - skolne 2012',	2012),
(2509,	1,	158,	159,	'2013-02-13',	5800,	'623295001/5500',	'22.10.2012 - 5.800,- - skolne 2013',	2012),
(2510,	1,	160,	160,	'2013-02-13',	4750,	'176610478/0600',	'9.2.2010 - 4.750,- - skolne 2010',	2012),
(2511,	1,	160,	160,	'2013-02-13',	4750,	'176610478/0600',	'15.9.2010 - 4.750,- - skolne 2011',	2012),
(2512,	1,	160,	160,	'2013-02-13',	3000,	'176610478/0600',	'15.9.2010 - 3.000,- - prispevek navic',	2012),
(2513,	1,	160,	160,	'2013-02-13',	500,	'176610478/0600',	'28.01.2011 - 500, -CZK - polovina kozy ',	2012),
(2514,	1,	160,	160,	'2013-02-13',	4750,	'176610478/0600',	'30.09.2011 - 4.750,- - skolne 2012',	2012),
(2515,	1,	160,	160,	'2013-02-13',	1000,	'176610478/0600',	'27.10.2011 - 1.000,- - vanocni darek',	2012),
(2516,	1,	160,	160,	'2013-02-13',	6000,	'176610478/0600',	'8.3.2012 - 6.000,- - matrace + specialni kozel',	2012),
(2517,	1,	160,	160,	'2013-02-13',	5800,	'176610478/0600',	'11.9.2012 - 5.800, - skolne 2013',	2012),
(2518,	1,	160,	160,	'2013-02-13',	1200,	'176610478/0600',	'11.9.2012 - 1.200,- - vanocni darek',	2012),
(2519,	1,	161,	161,	'2013-02-13',	5800,	'107232258/0300',	'18.12.2012 - 5.800,- - skolne 2013',	2012),
(2520,	1,	162,	162,	'2013-02-13',	4750,	'324475133/0800',	'17.2.2010 - 4.750,- - skolne 2010',	2012),
(2521,	1,	162,	162,	'2013-02-13',	4750,	'324475133/0800',	'26.10.2010 - 4.750,- - skolne 2011',	2012),
(2522,	1,	162,	162,	'2013-02-13',	500,	'324475133/0800',	'28.01.2011 - 500, -CZK - polovina kozy',	2012),
(2523,	1,	162,	162,	'2013-02-13',	4750,	'324475133/0800',	'25.10.2011 - 4.750,- - skolne 2012',	2012),
(2524,	1,	162,	162,	'2013-02-13',	1500,	'324475133/0800',	'27.10.2011 - 1.500,- - jidlo + vanocni darek',	2012),
(2525,	1,	162,	162,	'2013-02-13',	2000,	'324475133/0800',	'11.9.2012 - 2000,- - vanocni darek',	2012),
(2526,	1,	162,	162,	'2013-02-13',	5800,	'324475133/0800',	'9.10.2012 - 5.800,- - skolne 2013',	2012),
(2527,	1,	163,	163,	'2013-02-13',	4750,	NULL,	'3.11.2010 - 4.750,- CZK - školné 2011 ',	2012),
(2528,	1,	163,	163,	'2013-02-13',	5500,	'351294143/0800',	'1.11.2011 - 5.500,- - skolne 2012 + vanoce - Vera Karasova',	2012),
(2529,	1,	163,	163,	'2013-02-13',	10800,	'271940213/0300',	'8.10.2012 - 10.800,- - skolne 2013 + vanocni darek',	2012),
(2530,	1,	14,	166,	'2013-02-13',	4750,	'  452551153/0800',	'26.10.2010 - 4.750,- - skolne 2011',	2012),
(2531,	1,	14,	166,	'2013-02-13',	4750,	'452551153/0800',	'27.09.2011 - 4.750,- - skolne 2012',	2012),
(2532,	1,	14,	166,	'2013-02-13',	1000,	'452551153/0800',	'12.10.2011 - 1.000,- - koza',	2012),
(2533,	1,	14,	166,	'2013-02-13',	6800,	'452551153/0800',	'4.10.2012 - 6.800,- - skolne 2013 + darek',	2012),
(2534,	1,	3,	167,	'2013-02-13',	1750,	'710902359/0800',	'05.10.2010 - 1.750,- - skolne 2010 - posledni trimestr',	2012),
(2535,	1,	3,	167,	'2013-02-13',	4750,	'710902359/0800',	'05.10.2010 - 4.750,- - skolne 2011',	2012),
(2536,	1,	3,	167,	'2013-02-13',	4750,	'710902359/0800',	'29.05.2012 - 4.750,- - skolne 2012',	2012),
(2537,	1,	3,	167,	'2013-02-13',	6800,	'710902359/0800',	'30.10.2012 - 6.800,- - skolne 2013 + matrace',	2012),
(2538,	1,	168,	168,	'2013-02-13',	4750,	'1561234389/0800',	'21.03.2011 - 4750,00 CZK - skolne 2011',	2012),
(2539,	1,	168,	168,	'2013-02-13',	4750,	'1033648123/0800',	'1.11.2011 - 4.750,- - skolne 2012',	2012),
(2540,	1,	168,	168,	'2013-02-13',	5800,	'1033648123/0800',	'22.10.2012 - 5.800,- - skolne 2013',	2012),
(2541,	1,	52,	169,	'2013-02-13',	4750,	'51-2659810297/0100',	'29.10.2010 - 4.750,- - skolne 2011',	2012),
(2542,	1,	52,	169,	'2013-02-13',	5000,	'51-2659810297/0100',	'27.10.2011 - 5.000,- - skolne 2012 + vanocni darek',	2012),
(2543,	1,	170,	170,	'2013-02-13',	4750,	'201017941/0300',	'25.10.2010 - 4.750,- - skolne 2011',	2012),
(2544,	1,	170,	170,	'2013-02-13',	5000,	'201017941/0300',	'26.10.2011 - 5.000,- - skolne 2012 + vanocni darek',	2012),
(2545,	1,	170,	170,	'2013-02-13',	6800,	'201017941/0300',	'22.10.2012 - 6.800,- - skolne 2013 + matrace',	2012),
(2546,	1,	171,	171,	'2013-02-13',	1750,	'156902887/0600',	'07.10.2010 - 1.750,- - skolne 2010 - posledni trimestr',	2012),
(2547,	1,	171,	171,	'2013-02-13',	4750,	'156902887/0600',	'07.10.2010 - 4.750,- - skolne 2011',	2012),
(2548,	1,	171,	171,	'2013-02-13',	6000,	'156902887/0600',	'26.10.2011 - 6.000,- - skolne 2012 + vanocni darek',	2012),
(2549,	1,	171,	171,	'2013-02-13',	6000,	'1006415017/3030',	'5.11.2012 - 6.000,- - skolne 2013',	2012),
(2550,	1,	171,	171,	'2013-02-13',	1000,	'1006415017/3030',	'19.11.2012 - 1.000,- - vanocni koza',	2012),
(2551,	1,	172,	172,	'2013-02-13',	1750,	'670100-2202624128/6210',	'29.9.2010 - 1.750,- - posledni trimestr 2010',	2012),
(2552,	1,	172,	172,	'2013-02-13',	1000,	'670100-2202624128/6210',	'29.9.2010 - 1.000,- - vanoce 2010',	2012),
(2553,	1,	172,	172,	'2013-02-13',	4750,	'670100-2202624128/6210',	'29.9.2010 - 4.750,- - skolne 2011',	2012),
(2554,	1,	172,	172,	'2013-02-13',	4800,	'1109551193/0800',	'2.11.2011 - 4.800,- - skolne 2012 - Jan Panek',	2012),
(2555,	1,	172,	172,	'2013-02-13',	300,	'hotove',	'2.11.2011 - 300,- - vanocni darek',	2012),
(2556,	1,	172,	172,	'2013-02-13',	5800,	'1109551193/0800',	'9.10.2012 - 5.800,- - skolne 2013 - Jan Panek',	2012),
(2557,	1,	174,	174,	'2013-02-13',	4750,	'717313143/0800',	'01.06.2011 - 4750,00 CZK - skolne 2011',	2012),
(2558,	1,	174,	174,	'2013-02-13',	4750,	'717313143/0800',	'1.11.2011 - 4.750,- - skolne 2012',	2012),
(2559,	1,	174,	174,	'2013-02-13',	500,	'717313143/0800',	'1.11.2011 - 500, -CZK - vanocni darek',	2012),
(2560,	1,	174,	174,	'2013-02-13',	7100,	'717313143/0800',	'23.10.2012 - 7.100,- - skolne 2013 + matrace + boty',	2012),
(2561,	1,	175,	175,	'2013-02-13',	4750,	'670100-2201830763/6210',	'07.06.2011 - 4750,00 CZK - skolne 2011',	2012),
(2562,	1,	175,	175,	'2013-02-13',	4750,	'670100-2201830763/6210',	'06.01.2012 - 4.750,- - skolne 2012',	2012),
(2563,	1,	175,	175,	'2013-02-13',	5800,	'670100-2201830763/6210',	'1.11.2012 - 5.800,- - skolne 2013',	2012),
(2564,	1,	176,	176,	'2013-02-13',	4750,	'1004029980/5500',	'01.06.2011 - 4 750,00 CZK - skolne 2011',	2012),
(2565,	1,	176,	176,	'2013-02-13',	4750,	'1004029980/5500',	'25.4.2012 - 4.750,- - skolne 2012 - Ing. Ladislava Sutak',	2012),
(2566,	1,	176,	176,	'2013-02-13',	5800,	'1004029980/5500',	'30.10.2012 - 5.800,- - skolne 2013',	2012),
(2567,	1,	176,	176,	'2013-02-13',	1500,	'1004029980/5500',	'30.10.2012 - 1.500,- - vanocni darek',	2012),
(2568,	1,	177,	177,	'2013-02-13',	5800,	'670100-2206789720/6210',	'29.10.2012 - 5.800,- - skolne 2013',	2012),
(2569,	1,	178,	178,	'2013-02-13',	4750,	'176854843/0300',	'30.01.2012 - 4.750,- - skolne 2012',	2012),
(2570,	1,	178,	178,	'2013-02-13',	5800,	'176854843/0300',	'19.10.2012 - 5.800,- - skolne 2013',	2012),
(2571,	1,	178,	178,	'2013-02-13',	1000,	'176854843/0300',	'19.10.2012 - 1.000,- - vanocni darek',	2012),
(2572,	1,	179,	179,	'2013-02-13',	5000,	'3615990227/0100',	'06.06.2011 - 5000,00 CZK - skolne 2011',	2012),
(2573,	1,	179,	179,	'2013-02-13',	5000,	'3615990227/0100',	'3.2.2012 - 5.000,- - skolne 2012',	2012),
(2574,	1,	179,	179,	'2013-02-13',	6000,	'3615990227/0100',	'20.9.2012 - 6.000,- - skolne 2013 + darek ',	2012),
(2575,	1,	180,	180,	'2013-02-13',	4750,	'3200794830/6800',	'02.06.2011 - 4750,00 CZK - skolne 2011, Alena Samkova',	2012),
(2576,	1,	180,	180,	'2013-02-13',	2000,	'3200794830/6800',	'15.08.2011 - 2.000 Kc - vanocni darky - Alena Samkova',	2012),
(2577,	1,	180,	180,	'2013-02-13',	4750,	'3200794830/6800',	'2.11.2011 - 4.750,- - skolne 2012 - Alena Samkova',	2012),
(2578,	1,	180,	180,	'2013-02-13',	5800,	'3200794830/6800',	'5.10.2012 - 5.800,- - skolne 2013 - Alena',	2012),
(2579,	1,	180,	180,	'2013-02-13',	1000,	'3200794830/6800',	'23.10.2012 - 1.000,- - vanocni darek',	2012),
(2580,	1,	181,	181,	'2013-02-13',	5250,	'285352359/0800',	'31.10.2011 - 5.250,- - skolne 2012 + vanocni darek',	2012),
(2581,	1,	181,	181,	'2013-02-13',	5800,	'285352359/0800',	'29.10.2012 - 5.800,- - skolne 2013',	2012),
(2582,	1,	182,	182,	'2013-02-13',	4750,	'4183010217/0100',	'01.08.2011 - 4.750,- - skolne 2011',	2012),
(2583,	1,	182,	182,	'2013-02-13',	4750,	'4183010217/0100',	'1.11.2011 - 4.750,- - skolne 2012',	2012),
(2584,	1,	182,	182,	'2013-02-13',	6800,	'4183010217/0100',	'22.10.2012 - 6.800,- - skolne 2013 + vanocni darek',	2012),
(2585,	1,	183,	183,	'2013-02-13',	4750,	NULL,	'9.6.2011 - 4.750,- - prevod z Florence Iraduha - skolne 2011 ',	2012),
(2586,	1,	183,	183,	'2013-02-13',	4750,	'125993659/0300',	'23.05.2012 - 4.750,- - skolne 2012',	2012),
(2587,	1,	183,	183,	'2013-02-13',	4750,	'125993659/0300',	'3.10.2012 - 4.750,- - skolne 2013',	2012),
(2588,	1,	183,	183,	'2013-02-13',	1050,	'125993659/0300',	'12.11.2012 - 1.050,- - skolne 2013 doplatek',	2012),
(2589,	1,	184,	184,	'2013-02-13',	4750,	' 1174892103/0800',	'30.05.2011 - 4750,00 CZK - skolne 2011',	2012),
(2590,	1,	184,	184,	'2013-02-13',	6750,	' 1174892103/0800',	'28.11.2011 - 6.750,- - skolne 2012 + vanocni darek',	2012),
(2591,	1,	184,	184,	'2013-02-13',	7800,	' 1174892103/0800',	'20.12.2012 - 7.800,- - skolne 2013 + vanocni darek',	2012),
(2592,	1,	185,	185,	'2013-02-13',	4750,	'445514143/0800',	'25.6.2011 - 4750,00 CZK - skolne 2011',	2012),
(2593,	1,	185,	185,	'2013-02-13',	4750,	'445514143/0800',	'26.4.2012 - 4.750,- - skolne 2012',	2012),
(2594,	1,	185,	185,	'2013-02-13',	5800,	'445514143/0800',	'9.11.2012 - 5.800,- - skolne 2013',	2012),
(2595,	1,	186,	186,	'2013-02-13',	2400,	'350249113/0800',	'30.05.2011 - 2 400,00 CZK - cast skolneho 2011',	2012),
(2596,	1,	186,	186,	'2013-02-13',	2400,	'350249113/0800',	'23.09.2011 - 2.400,- - doplatek skolneho 2011',	2012),
(2597,	1,	186,	186,	'2013-02-13',	2400,	'350249113/0800',	'1.2.2012 - 2.400,- - skolne 2012',	2012),
(2598,	1,	186,	186,	'2013-02-13',	2500,	'350249113/0800',	'26.6.2012 - 2.500,- - skolne 2012 doplatek',	2012),
(2599,	1,	186,	186,	'2013-02-13',	1000,	'350249113/0800',	'29.10.2012 - 1.000,- - vanocni darek',	2012),
(2600,	1,	186,	186,	'2013-02-13',	2000,	'350249113/0800',	'28.12.2012 - 2.000,- - skolne 2013 - 1. cast',	2012),
(2601,	1,	187,	187,	'2013-02-13',	4750,	'390196183/0800',	'17.10.2011 - 4.750,- - skolne 2012',	2012),
(2602,	1,	187,	187,	'2013-02-13',	5800,	'390196183/0800',	'22.10.2012 - 5.800,- - skolne 2013',	2012),
(2603,	1,	190,	190,	'2013-02-13',	5800,	'94243061/0100',	'09.10.2012 - 5.800,- - školné 2013',	2012),
(2604,	1,	190,	190,	'2013-02-13',	1000,	'19-8485810277/0100',	'23.10.2012 - 1.000,- - vanocni darek',	2012),
(2605,	1,	30,	192,	'2013-02-13',	7500,	'  242503356/0300',	'30.4.2012 - 7.500,- - skolne 2012',	2012),
(2606,	1,	30,	192,	'2013-02-13',	7000,	'242503356/0300',	'1.11.2012 - 7.000,- - skolne 2013 + darek',	2012),
(2607,	1,	193,	193,	'2013-02-13',	4750,	'1267783133/0800',	'19.04.2012 - 4.750,- - skolne 2012',	2012),
(2608,	1,	193,	193,	'2013-02-13',	5800,	'1267783133/0800',	'10.10.2012 - 5.800,- - skolne 2013',	2012),
(2609,	1,	194,	194,	'2013-02-13',	5800,	'1923006173/0800',	'17.10.2012 - 5.800,- - skolne 2013',	2012),
(2610,	1,	194,	194,	'2013-02-13',	500,	'1923006173/0800',	'21.11.2012 - 500,- - skolne 2014',	2012),
(2611,	1,	194,	194,	'2013-02-13',	500,	'1923006173/0800',	'18.12.2012 - 500,- - skolne 2014',	2012),
(2612,	1,	196,	196,	'2013-02-13',	4750,	'227298366/0300',	'25.05.2012 - 4.750,- - skolne 2012',	2012),
(2613,	1,	196,	196,	'2013-02-13',	5800,	'227298366/0300',	'16.10.2012 - 5.800,- - skolne 2013',	2012),
(2614,	1,	196,	196,	'2013-02-13',	1000,	'227298366/0300',	'24.10.2012 - 1.000,- - vanocni darek',	2012),
(2615,	1,	116,	197,	'2013-02-13',	5100,	'386136153/0800',	'1.11.2011 - 5.100,- - skolne 2012 + na vanoce mic   ',	2012),
(2616,	1,	116,	197,	'2013-02-13',	5800,	'386136153/0800',	'1.11.2012 - 5.800,- - skolne 2013',	2012),
(2617,	1,	198,	198,	'2013-02-13',	5800,	'195966883/0600',	'8.1.2013 - 5.800,- - skolne 2013',	2012),
(2618,	1,	210,	210,	'2013-02-13',	5800,	'345244043/0800',	'08.10.2012 - 5.800,- - skolne 2013',	2012),
(2619,	1,	198,	211,	'2013-02-13',	5800,	'195966883/0600',	'8.1.2013 - 5.800,- - skolne 2013',	2012),
(2620,	1,	213,	213,	'2013-02-13',	20000,	'282618983/0300',	'29.6.2012 - 20.000,- - skolne 2012, 2013, 2 kozy',	2012),
(2621,	1,	214,	214,	'2013-02-13',	5800,	'238043019/0300',	'24.10.2012 - 5.800,- - skolne 2013',	2012),
(2622,	1,	215,	215,	'2013-02-13',	4750,	'5849242001/5500',	'17.4.2012 - 4.750,- - skolne 2012',	2012),
(2623,	1,	215,	215,	'2013-02-13',	5800,	'5849242001/5500',	'19.10.2012 - 5.800,- - skolne 2013',	2012),
(2624,	1,	215,	215,	'2013-02-13',	1000,	'5849242001/5500',	'19.10.2012 - 1.000,- - vanocni darek',	2012),
(2625,	1,	216,	216,	'2013-02-13',	4750,	'670100-2208001327/6210',	'08.08.2012 - 4.750,- - skolne 2012',	2012),
(2626,	1,	216,	216,	'2013-02-13',	5800,	'670100-2208001327/6210',	'8.10.2012 - 5.800,- - skolne 2013',	2012),
(2627,	1,	216,	216,	'2013-02-13',	1000,	'670100-2208001327/6210',	'22.10.2012 - 1.000,- - vanocni darek',	2012),
(2628,	1,	217,	217,	'2013-02-13',	4750,	'3200794830/6800',	'4.4.2012 - 4.750,- - skolne 2012',	2012),
(2629,	1,	217,	217,	'2013-02-13',	5800,	'3200794830/6800',	'5.10.2012 - 5.800,- - skolne 2013',	2012),
(2630,	1,	217,	217,	'2013-02-13',	1000,	'3200794830/6800',	'23.10.2012 - 1.000,- - vanocni darek',	2012),
(2631,	1,	198,	218,	'2013-02-13',	4750,	'195966883/0600',	'19.7.2012 - 4.750,- - skolne 2012',	2012),
(2632,	1,	219,	219,	'2013-02-13',	5800,	'255791887/0300',	'4.1.2013 - 5.800,- - skolne 2013',	2012),
(2633,	1,	220,	220,	'2013-02-13',	4750,	'3200777838/6800',	'26.4.2012 - 4.750,- - skolne 2012 - MEDVEC ALES, ING.',	2012),
(2634,	1,	220,	220,	'2013-02-13',	7800,	'3200046410/6800',	'24.9.2012 - 7.800,- - skolne 2013 + 2.000,- vanocni darek',	2012),
(2635,	1,	106,	222,	'2013-02-13',	4750,	'105198316/0300',	'1.12.2011 - 4.750,- -  skolne 2012 - prevedeno od Mary Loyce Apolot',	2012),
(2636,	1,	198,	226,	'2013-02-13',	5800,	'195966883/0600',	'8.1.2013 - 5.800,- - skolne 2013',	2012),
(2637,	1,	228,	228,	'2013-02-13',	4750,	'670100-2201002474/6210',	'6.4.2012 - 4.750,- - skolne 2012',	2012),
(2638,	1,	228,	228,	'2013-02-13',	5800,	'670100-2200236578/6210',	'29.10.2012 - 5.800,- - skolne 2013',	2012),
(2639,	1,	228,	228,	'2013-02-13',	1400,	'670100-2200236578/6210',	'29.10.2012 - 1.400,- - matrace + boty',	2012),
(2640,	1,	229,	229,	'2013-02-13',	4750,	'166676043/0800',	'18.05.2012 - 4.750,00 CZK - skolne 2012',	2012),
(2641,	1,	229,	229,	'2013-02-13',	5800,	'166676043/0800',	'25.10.2012 - 5.800,- - skolne 2013',	2012),
(2642,	1,	229,	229,	'2013-02-13',	2700,	'166676043/0800',	'25.10.2012 - 2.700,- - matrace a jidlo',	2012),
(2643,	1,	229,	229,	'2013-02-13',	1500,	'166676043/0800',	'25.10.2012 - 1.500,- - vanocni darek',	2012),
(2644,	1,	232,	232,	'2013-02-13',	4750,	'3200046568/6800',	'6.4.2012 - 4.750,- - skolne 2012',	2012),
(2645,	1,	232,	232,	'2013-02-13',	5800,	'3200046568/6800',	'17.10.2012 - 5.800,- - skolne 2013',	2012),
(2646,	1,	232,	232,	'2013-02-13',	6000,	'3200046568/6800',	'29.10.2012 - 6.000,- - vanocni darek',	2012),
(2647,	1,	237,	237,	'2013-02-13',	4750,	'190996485/0300',	'11.7.2012 - 4.750,- - skolne 2012',	2012),
(2648,	1,	237,	237,	'2013-02-13',	7000,	'190996485/0300',	'22.10.2012 - 7.000,- - skolne 2013 + vanocni darek',	2012),
(2649,	1,	210,	238,	'2013-02-13',	5800,	'246898236/0300',	'12.10.2012 - 5.800,- - skolne 2013',	2012),
(2650,	1,	210,	238,	'2013-02-13',	1000,	'246898236/0300',	'26.11.2012 - 1.000,- - vanocni koza',	2012),
(2651,	1,	239,	239,	'2013-02-13',	7500,	'105879023/0300',	'5.11.2012 - 7.500,- - skolne 2013 + darek',	2012);

DROP TABLE IF EXISTS `poznamka`;
CREATE TABLE `poznamka` (
  `idpoznamka` int(10) unsigned NOT NULL AUTO_INCREMENT,
  `sponzorIdSponzor` int(10) unsigned NOT NULL,
  `diteIdDite` int(10) unsigned NOT NULL,
  `datum` date DEFAULT NULL,
  `nadpis` varchar(255) COLLATE utf8_czech_ci DEFAULT NULL,
  `hodnota` varchar(255) COLLATE utf8_czech_ci DEFAULT NULL,
  `vystavit` tinyint(1) DEFAULT NULL,
  PRIMARY KEY (`idpoznamka`),
  KEY `poznamka_FKIndex2` (`diteIdDite`),
  KEY `poznamka_FKIndex1` (`sponzorIdSponzor`),
  CONSTRAINT `poznamka_ibfk_1` FOREIGN KEY (`diteIdDite`) REFERENCES `dite` (`idDite`) ON DELETE NO ACTION ON UPDATE NO ACTION,
  CONSTRAINT `poznamka_ibfk_2` FOREIGN KEY (`sponzorIdSponzor`) REFERENCES `sponzor` (`idSponzor`) ON DELETE NO ACTION ON UPDATE NO ACTION
) ENGINE=InnoDB DEFAULT CHARSET=utf8 COLLATE=utf8_czech_ci;


DROP TABLE IF EXISTS `relaceditebenefit`;
CREATE TABLE `relaceditebenefit` (
  `idRelaceDiteBenefit` int(10) unsigned NOT NULL AUTO_INCREMENT,
  `benefitIdBenefit` int(10) unsigned NOT NULL,
  `diteIdDite` int(10) unsigned NOT NULL,
  `datumVzniku` datetime DEFAULT NULL,
  `datumZaniku` datetime DEFAULT NULL,
  `zaplacenaCastka` int(10) unsigned DEFAULT NULL,
  `poznamka` varchar(255) COLLATE utf8_czech_ci DEFAULT NULL,
  `rok` int(10) unsigned DEFAULT NULL,
  PRIMARY KEY (`idRelaceDiteBenefit`),
  KEY `relaceDiteBenefit_FKIndex2` (`diteIdDite`),
  KEY `relaceDiteBenefit_FKIndex1` (`benefitIdBenefit`),
  CONSTRAINT `relaceditebenefit_ibfk_1` FOREIGN KEY (`diteIdDite`) REFERENCES `dite` (`idDite`) ON DELETE NO ACTION ON UPDATE NO ACTION,
  CONSTRAINT `relaceditebenefit_ibfk_2` FOREIGN KEY (`benefitIdBenefit`) REFERENCES `benefit` (`idBenefit`) ON DELETE NO ACTION ON UPDATE NO ACTION
) ENGINE=InnoDB DEFAULT CHARSET=utf8 COLLATE=utf8_czech_ci;


DROP TABLE IF EXISTS `relaceditesponzor`;
CREATE TABLE `relaceditesponzor` (
  `idRelaceDiteSponzor` int(10) unsigned NOT NULL AUTO_INCREMENT,
  `sponzorIdSponzor` int(10) unsigned NOT NULL,
  `diteIdDite` int(10) unsigned NOT NULL,
  `aktivniZaznam` tinyint(1) DEFAULT NULL,
  `datumVzniku` date DEFAULT NULL,
  `datumZaniku` date DEFAULT NULL,
  PRIMARY KEY (`idRelaceDiteSponzor`),
  KEY `relaceDiteSponzor_FKIndex2` (`diteIdDite`),
  KEY `relaceDiteSponzor_FKIndex1` (`sponzorIdSponzor`),
  CONSTRAINT `relaceditesponzor_ibfk_1` FOREIGN KEY (`diteIdDite`) REFERENCES `dite` (`idDite`) ON DELETE NO ACTION ON UPDATE NO ACTION,
  CONSTRAINT `relaceditesponzor_ibfk_2` FOREIGN KEY (`sponzorIdSponzor`) REFERENCES `sponzor` (`idSponzor`) ON DELETE NO ACTION ON UPDATE NO ACTION
) ENGINE=InnoDB DEFAULT CHARSET=utf8 COLLATE=utf8_czech_ci;

INSERT INTO `relaceditesponzor` (`idRelaceDiteSponzor`, `sponzorIdSponzor`, `diteIdDite`, `aktivniZaznam`, `datumVzniku`, `datumZaniku`) VALUES
(1456,	2,	2,	1,	'2013-02-13',	NULL),
(1457,	116,	116,	1,	'2013-02-13',	NULL),
(1458,	157,	157,	1,	'2013-02-13',	NULL),
(1459,	3,	3,	1,	'2013-02-13',	NULL),
(1460,	104,	104,	1,	'2013-02-13',	NULL),
(1461,	4,	4,	1,	'2013-02-13',	NULL),
(1462,	186,	186,	1,	'2013-02-13',	NULL),
(1463,	5,	5,	1,	'2013-02-13',	NULL),
(1464,	6,	6,	1,	'2013-02-13',	NULL),
(1465,	156,	156,	1,	'2013-02-13',	NULL),
(1466,	204,	204,	1,	'2013-02-13',	NULL),
(1467,	215,	215,	1,	'2013-02-13',	NULL),
(1468,	112,	112,	1,	'2013-02-13',	NULL),
(1469,	145,	145,	1,	'2013-02-13',	NULL),
(1470,	9,	9,	1,	'2013-02-13',	NULL),
(1471,	10,	10,	1,	'2013-02-13',	NULL),
(1472,	126,	126,	1,	'2013-02-13',	NULL),
(1473,	12,	12,	1,	'2013-02-13',	NULL),
(1474,	95,	95,	1,	'2013-02-13',	NULL),
(1475,	220,	220,	1,	'2013-02-13',	NULL),
(1476,	14,	14,	1,	'2013-02-13',	NULL),
(1477,	171,	171,	1,	'2013-02-13',	NULL),
(1478,	180,	180,	1,	'2013-02-13',	NULL),
(1479,	15,	15,	1,	'2013-02-13',	NULL),
(1480,	16,	16,	1,	'2013-02-13',	NULL),
(1481,	18,	18,	1,	'2013-02-13',	NULL),
(1482,	19,	19,	1,	'2013-02-13',	NULL),
(1483,	20,	20,	1,	'2013-02-13',	NULL),
(1484,	193,	193,	1,	'2013-02-13',	NULL),
(1485,	22,	22,	1,	'2013-02-13',	NULL),
(1486,	96,	96,	1,	'2013-02-13',	NULL),
(1487,	229,	229,	1,	'2013-02-13',	NULL),
(1488,	153,	153,	1,	'2013-02-13',	NULL),
(1489,	24,	24,	1,	'2013-02-13',	NULL),
(1490,	228,	228,	1,	'2013-02-13',	NULL),
(1491,	25,	25,	1,	'2013-02-13',	NULL),
(1492,	26,	26,	1,	'2013-02-13',	NULL),
(1493,	27,	27,	1,	'2013-02-13',	NULL),
(1494,	160,	160,	1,	'2013-02-13',	NULL),
(1495,	168,	168,	1,	'2013-02-13',	NULL),
(1496,	28,	28,	1,	'2013-02-13',	NULL),
(1497,	29,	29,	1,	'2013-02-13',	NULL),
(1498,	110,	110,	1,	'2013-02-13',	NULL),
(1499,	30,	30,	1,	'2013-02-13',	NULL),
(1500,	179,	179,	1,	'2013-02-13',	NULL),
(1501,	85,	85,	1,	'2013-02-13',	NULL),
(1502,	121,	121,	1,	'2013-02-13',	NULL),
(1503,	219,	219,	1,	'2013-02-13',	NULL),
(1504,	151,	151,	1,	'2013-02-13',	NULL),
(1505,	99,	99,	1,	'2013-02-13',	NULL),
(1506,	133,	133,	1,	'2013-02-13',	NULL),
(1507,	31,	31,	1,	'2013-02-13',	NULL),
(1508,	231,	231,	1,	'2013-02-13',	NULL),
(1509,	162,	162,	1,	'2013-02-13',	NULL),
(1510,	118,	118,	1,	'2013-02-13',	NULL),
(1511,	76,	76,	1,	'2013-02-13',	NULL),
(1512,	32,	32,	1,	'2013-02-13',	NULL),
(1513,	175,	175,	1,	'2013-02-13',	NULL),
(1514,	91,	91,	1,	'2013-02-13',	NULL),
(1515,	33,	33,	1,	'2013-02-13',	NULL),
(1516,	183,	183,	1,	'2013-02-13',	NULL),
(1517,	217,	217,	1,	'2013-02-13',	NULL),
(1518,	34,	34,	1,	'2013-02-13',	NULL),
(1519,	174,	174,	1,	'2013-02-13',	NULL),
(1520,	35,	35,	1,	'2013-02-13',	NULL),
(1521,	88,	88,	1,	'2013-02-13',	NULL),
(1522,	141,	141,	1,	'2013-02-13',	NULL),
(1523,	149,	149,	1,	'2013-02-13',	NULL),
(1524,	147,	147,	1,	'2013-02-13',	NULL),
(1525,	36,	36,	1,	'2013-02-13',	NULL),
(1526,	198,	198,	1,	'2013-02-13',	NULL),
(1527,	37,	37,	1,	'2013-02-13',	NULL),
(1528,	105,	105,	1,	'2013-02-13',	NULL),
(1529,	131,	131,	1,	'2013-02-13',	NULL),
(1530,	184,	184,	1,	'2013-02-13',	NULL),
(1531,	39,	39,	1,	'2013-02-13',	NULL),
(1532,	176,	176,	1,	'2013-02-13',	NULL),
(1533,	196,	196,	1,	'2013-02-13',	NULL),
(1534,	89,	89,	1,	'2013-02-13',	NULL),
(1535,	132,	132,	1,	'2013-02-13',	NULL),
(1536,	140,	140,	1,	'2013-02-13',	NULL),
(1537,	210,	210,	1,	'2013-02-13',	NULL),
(1538,	75,	75,	1,	'2013-02-13',	NULL),
(1539,	100,	100,	1,	'2013-02-13',	NULL),
(1540,	41,	41,	1,	'2013-02-13',	NULL),
(1541,	185,	185,	1,	'2013-02-13',	NULL),
(1542,	90,	90,	1,	'2013-02-13',	NULL),
(1543,	42,	42,	1,	'2013-02-13',	NULL),
(1544,	216,	216,	1,	'2013-02-13',	NULL),
(1545,	43,	43,	1,	'2013-02-13',	NULL),
(1546,	161,	161,	1,	'2013-02-13',	NULL),
(1547,	177,	177,	1,	'2013-02-13',	NULL),
(1548,	181,	181,	1,	'2013-02-13',	NULL),
(1549,	154,	154,	1,	'2013-02-13',	NULL),
(1550,	163,	163,	1,	'2013-02-13',	NULL),
(1551,	233,	233,	1,	'2013-02-13',	NULL),
(1552,	45,	45,	1,	'2013-02-13',	NULL),
(1553,	239,	239,	1,	'2013-02-13',	NULL),
(1554,	46,	46,	1,	'2013-02-13',	NULL),
(1555,	47,	47,	1,	'2013-02-13',	NULL),
(1556,	130,	130,	1,	'2013-02-13',	NULL),
(1557,	138,	138,	1,	'2013-02-13',	NULL),
(1558,	106,	106,	1,	'2013-02-13',	NULL),
(1559,	172,	172,	1,	'2013-02-13',	NULL),
(1560,	84,	84,	1,	'2013-02-13',	NULL),
(1561,	49,	49,	1,	'2013-02-13',	NULL),
(1562,	50,	50,	1,	'2013-02-13',	NULL),
(1563,	51,	51,	1,	'2013-02-13',	NULL),
(1564,	142,	142,	1,	'2013-02-13',	NULL),
(1565,	134,	134,	1,	'2013-02-13',	NULL),
(1566,	190,	190,	1,	'2013-02-13',	NULL),
(1567,	52,	52,	1,	'2013-02-13',	NULL),
(1568,	53,	53,	1,	'2013-02-13',	NULL),
(1569,	54,	54,	1,	'2013-02-13',	NULL),
(1570,	101,	101,	1,	'2013-02-13',	NULL),
(1571,	55,	55,	1,	'2013-02-13',	NULL),
(1572,	115,	115,	1,	'2013-02-13',	NULL),
(1573,	56,	56,	1,	'2013-02-13',	NULL),
(1574,	57,	57,	1,	'2013-02-13',	NULL),
(1575,	58,	58,	1,	'2013-02-13',	NULL),
(1576,	232,	232,	1,	'2013-02-13',	NULL),
(1577,	94,	94,	1,	'2013-02-13',	NULL),
(1578,	128,	128,	1,	'2013-02-13',	NULL),
(1579,	136,	136,	1,	'2013-02-13',	NULL),
(1580,	213,	213,	1,	'2013-02-13',	NULL),
(1581,	113,	113,	1,	'2013-02-13',	NULL),
(1582,	59,	59,	1,	'2013-02-13',	NULL),
(1583,	187,	187,	1,	'2013-02-13',	NULL),
(1584,	60,	60,	1,	'2013-02-13',	NULL),
(1585,	61,	61,	1,	'2013-02-13',	NULL),
(1586,	62,	62,	1,	'2013-02-13',	NULL),
(1587,	194,	194,	1,	'2013-02-13',	NULL),
(1588,	63,	63,	1,	'2013-02-13',	NULL),
(1589,	64,	64,	1,	'2013-02-13',	NULL),
(1590,	237,	237,	1,	'2013-02-13',	NULL),
(1591,	109,	109,	1,	'2013-02-13',	NULL),
(1592,	122,	122,	1,	'2013-02-13',	NULL),
(1593,	102,	102,	1,	'2013-02-13',	NULL),
(1594,	114,	114,	1,	'2013-02-13',	NULL),
(1595,	182,	182,	1,	'2013-02-13',	NULL),
(1596,	108,	108,	1,	'2013-02-13',	NULL),
(1597,	143,	143,	1,	'2013-02-13',	NULL),
(1598,	146,	146,	1,	'2013-02-13',	NULL),
(1599,	127,	127,	1,	'2013-02-13',	NULL),
(1600,	87,	87,	1,	'2013-02-13',	NULL),
(1601,	98,	98,	1,	'2013-02-13',	NULL),
(1602,	66,	66,	1,	'2013-02-13',	NULL),
(1603,	125,	125,	1,	'2013-02-13',	NULL),
(1604,	152,	152,	1,	'2013-02-13',	NULL),
(1605,	97,	97,	1,	'2013-02-13',	NULL),
(1606,	178,	178,	1,	'2013-02-13',	NULL),
(1607,	111,	111,	1,	'2013-02-13',	NULL),
(1608,	83,	83,	1,	'2013-02-13',	NULL),
(1609,	69,	69,	1,	'2013-02-13',	NULL),
(1610,	158,	158,	1,	'2013-02-13',	NULL),
(1611,	92,	92,	1,	'2013-02-13',	NULL),
(1612,	214,	214,	1,	'2013-02-13',	NULL),
(1613,	155,	155,	1,	'2013-02-13',	NULL),
(1614,	129,	129,	1,	'2013-02-13',	NULL),
(1615,	170,	170,	1,	'2013-02-13',	NULL),
(1616,	70,	70,	1,	'2013-02-13',	NULL),
(1617,	71,	71,	1,	'2013-02-13',	NULL),
(1618,	150,	150,	1,	'2013-02-13',	NULL),
(1619,	72,	72,	1,	'2013-02-13',	NULL),
(1620,	144,	144,	1,	'2013-02-13',	NULL),
(1621,	119,	119,	1,	'2013-02-13',	NULL),
(1622,	137,	137,	1,	'2013-02-13',	NULL);

DROP TABLE IF EXISTS `skola`;
CREATE TABLE `skola` (
  `idSkola` int(10) unsigned NOT NULL AUTO_INCREMENT,
  `nazev` varchar(255) COLLATE utf8_czech_ci DEFAULT NULL,
  `castka` int(10) unsigned DEFAULT NULL,
  `maxRok` int(10) unsigned DEFAULT NULL,
  `predpona` char(1) COLLATE utf8_czech_ci DEFAULT NULL,
  PRIMARY KEY (`idSkola`)
) ENGINE=InnoDB DEFAULT CHARSET=utf8 COLLATE=utf8_czech_ci;

INSERT INTO `skola` (`idSkola`, `nazev`, `castka`, `maxRok`, `predpona`) VALUES
(1,	'Škola není zadaná',	NULL,	NULL,	NULL),
(2,	'Buhoma High School',	NULL,	NULL,	NULL),
(3,	'Bwindi',	NULL,	NULL,	NULL),
(4,	'doma',	NULL,	NULL,	NULL),
(5,	'Halcyon High School',	NULL,	NULL,	NULL),
(6,	'Kabale - seminář',	NULL,	NULL,	NULL),
(7,	'Kihihi Community Polytechnic I',	NULL,	NULL,	NULL),
(8,	'Light Secondary School',	NULL,	NULL,	NULL),
(9,	'Polytechnics Kihihi',	NULL,	NULL,	NULL),
(10,	'San Giovanni',	NULL,	NULL,	NULL),
(11,	'Serere Technical School',	NULL,	NULL,	NULL),
(12,	'Soroti',	NULL,	NULL,	NULL),
(13,	'Trinity college',	NULL,	NULL,	NULL),
(14,	'University of Kampala',	NULL,	NULL,	NULL);

DROP TABLE IF EXISTS `sourozenzi`;
CREATE TABLE `sourozenzi` (
  `idSourozenzi` int(10) unsigned NOT NULL AUTO_INCREMENT,
  `diteIdDite2` int(10) unsigned NOT NULL,
  `diteIdDite1` int(10) unsigned NOT NULL,
  PRIMARY KEY (`idSourozenzi`),
  KEY `sourozenzi_FKIndex1` (`diteIdDite1`),
  KEY `sourozenzi_FKIndex2` (`diteIdDite2`),
  CONSTRAINT `sourozenzi_ibfk_1` FOREIGN KEY (`diteIdDite1`) REFERENCES `dite` (`idDite`) ON DELETE NO ACTION ON UPDATE NO ACTION,
  CONSTRAINT `sourozenzi_ibfk_2` FOREIGN KEY (`diteIdDite2`) REFERENCES `dite` (`idDite`) ON DELETE NO ACTION ON UPDATE NO ACTION
) ENGINE=InnoDB DEFAULT CHARSET=utf8 COLLATE=utf8_czech_ci;


DROP TABLE IF EXISTS `sponzor`;
CREATE TABLE `sponzor` (
  `idSponzor` int(10) unsigned NOT NULL AUTO_INCREMENT,
  `jmeno` varchar(255) COLLATE utf8_czech_ci NOT NULL,
  `ulice` varchar(255) COLLATE utf8_czech_ci DEFAULT NULL,
  `psc` varchar(255) COLLATE utf8_czech_ci DEFAULT NULL,
  `ssym` int(10) unsigned DEFAULT NULL,
  `mesto` varchar(255) COLLATE utf8_czech_ci DEFAULT NULL,
  `mail` varchar(255) COLLATE utf8_czech_ci DEFAULT NULL,
  `telefon` varchar(255) COLLATE utf8_czech_ci DEFAULT NULL,
  `aktivniZaznam` tinyint(1) DEFAULT NULL,
  `datumVzniku` date DEFAULT NULL,
  `datumZaniku` date DEFAULT NULL,
  PRIMARY KEY (`idSponzor`)
) ENGINE=InnoDB DEFAULT CHARSET=utf8 COLLATE=utf8_czech_ci;

INSERT INTO `sponzor` (`idSponzor`, `jmeno`, `ulice`, `psc`, `ssym`, `mesto`, `mail`, `telefon`, `aktivniZaznam`, `datumVzniku`, `datumZaniku`) VALUES
(2,	'Buček Jiří',	'Glocova 12',	'620 00',	5043,	'Brno',	'bohunka_jirka@volny.cz, bucek@fem.cz',	'(+420) 545 220 633',	NULL,	NULL,	NULL),
(3,	'Mácová Miroslava',	'Sládkova 438/II',	'377 01',	5039,	'Jind?ich?v Hradec',	'miroslava.macova@macovi.cz',	'(+420) 608 923 232',	NULL,	NULL,	NULL),
(4,	'Suchá Martina',	'Názovská 16',	'100 00',	5026,	'Praha 10',	'martina.sucha@centrum.cz',	NULL,	NULL,	NULL,	NULL),
(5,	'Hrubá Vlaďka',	'Jos. Faimonové 28',	'628 00',	5056,	'Brno',	'vladossss@seznam.cz',	'(+420) 736 536 506',	NULL,	NULL,	NULL),
(6,	'Melicharová Marta',	'Jiráskova 565',	'684 01',	5160,	'Slavkov u Brna',	'martamelicharova@seznam.cz',	NULL,	NULL,	NULL,	NULL),
(9,	'Bruhová Soňa',	'Petrovice ?. 12, obec M??ín',	'340 12',	5028,	'Švihov',	'BruhovaS@seznam.cz',	NULL,	NULL,	NULL,	NULL),
(10,	'Zadražil Martin',	'Fr. Kadlece 849/12',	'18000',	5197,	'Praha 8',	'zar@nri.cz',	'608539593',	NULL,	NULL,	NULL),
(12,	'Lišaníková Šárka',	'Náb?eží 559',	'739 44',	5067,	'Brušperk',	'lisanikova@seznam.cz',	'(+420) 777 278 472',	NULL,	NULL,	NULL),
(14,	'Tuzová Ludmila',	'Achtelky 1',	'642 00',	5171,	'Brno',	'Ludmila.Tuzova@aplus.cz',	'+420 602 567 242',	NULL,	NULL,	NULL),
(15,	'Bureš Petr',	'V Lomech 10',	'301 00',	5055,	'Plze?',	'ingburespetr@volny.cz',	'(+420) 377 528 180',	NULL,	NULL,	NULL),
(16,	'Funková Martina',	'Rosovice 284',	'26211',	5045,	'Rosovice',	'martina.funkova@email.cz',	'(+420) 777 192 512',	NULL,	NULL,	NULL),
(18,	'P?íhoda Jaroslav, ing.',	'D?dická 19',	'627 00',	5050,	'Brno - Slatina',	'jarpri@volny.cz',	'(+420) 604 213 438',	NULL,	NULL,	NULL),
(19,	'Blažková Hana',	'Manetínská 71',	'323 00',	5016,	'Plze?',	'blazkova.hanina@seznam.cz',	'(+420) 377 535 291 ',	NULL,	NULL,	NULL),
(20,	'Hrdová Marie',	'Jiráskova 405',	'684 01',	5076,	'Slavkov u Brna',	'hrdova405@seznam.cz',	'544221715',	NULL,	NULL,	NULL),
(22,	'Kokošková Lída',	'Studijní a v?decká knihovna Smetanovy sady ?. 2',	'305 48',	5017,	'Plze?',	'KokoskovaL@seznam.cz',	NULL,	NULL,	NULL,	NULL),
(24,	'Strý?ková Rybia?ová Jana',	'Dolní Domaslavice 402',	'739 38',	5019,	'Dolní Domaslavice',	'J.Rybiarova@seznam.cz',	NULL,	NULL,	NULL,	NULL),
(25,	'Hašková Alena',	'Úlehle 21',	'612 00',	5001,	'Brno',	'ahaskova@konfirm.cz',	'(+420) 602 537 02',	NULL,	NULL,	NULL),
(26,	'Seifertová Daniela',	'Komorní Dv?r ?. 37',	'350 01',	5020,	'Cheb',	'dsei@seznam.cz',	'(+607) 559 054 ---',	NULL,	NULL,	NULL),
(27,	'Bížová Renáta',	'Jeseniova 37',	'130 00',	5060,	'Praha 3',	'renata_bizova@kb.cz',	'(+420) 723 508 006',	NULL,	NULL,	NULL),
(28,	'Novotná Jana',	'V pr?honech 359',	NULL,	5189,	'Vysoke Myto',	'novotnamyto@seznam.cz',	'775024223',	NULL,	NULL,	NULL),
(29,	'Šedová Edita a Opava Marek',	'Nazovská 16',	'100 00',	5057,	'Praha 10',	'sedovae@mpo.cz, marek.opava@mymail.cz',	'(+420) 602 934 227',	NULL,	NULL,	NULL),
(30,	'Pavla Rubí?ková',	'Tvrdonická 9',	'62900',	5201,	'Brno',	'pavla.rubickova@email.cz',	'774904747',	NULL,	NULL,	NULL),
(31,	'Pali?ka Michal',	'?ímská 41',	'779 00',	5035,	'Olomouc',	'mpalicka@hotmail.com',	NULL,	NULL,	NULL,	NULL),
(32,	'Žá?ek Lubomír',	'Pon?tovská ?. 245',	'664 58',	5051,	'Prace',	'Lubomir.Zacek@rwe.cz, radypecha@seznam.cz',	'(+420) 776 183 270; (+420) 606 733 762',	NULL,	NULL,	NULL),
(33,	'Kynclová Jana',	'U Korábka 14/107',	'779 00',	5165,	'Samotišky',	'vevrk@seznam.cz; hana.kovarikova@hnutiduha.cz',	'776028016',	NULL,	NULL,	NULL),
(34,	'Rybnikárová Lucie',	'Nový Malín 614',	'788 03',	5069,	'Nový Malín',	'lu.alfama@seznam.cz',	'(+420) 737 326 629',	NULL,	NULL,	NULL),
(35,	'Sehnalová Lenka',	'Nová 580',	'798 03',	5062,	'Plumlov',	'SehnalovaLenka@seznam.cz',	'(+420) 732 635 36 ',	NULL,	NULL,	NULL),
(36,	'Šindlerová Michaela',	'Steinerova 606',	'149 00',	5023,	'Praha 11',	'misule64@email.cz',	'(+420) 605 553 095 ',	NULL,	NULL,	NULL),
(37,	'Vítkovi Pavla a Ond?ej',	'Dobronická 986/35',	'142 00',	5024,	'Praha 4 - Libuš',	'pvitkova@kpmg.cz',	NULL,	NULL,	NULL,	NULL),
(39,	'Dostálová Libuše',	'Újezd 131',	'783 96',	5034,	'Újezd u Uni?ova',	'Libuse.Dostalova@ol.mpsv.cz',	'(+420) 728 103 442',	NULL,	NULL,	NULL),
(41,	'Hlavacova Helena',	'Roklanská 1263',	'251 01',	5002,	'?í?any',	'hlavacova@ms-stavebni.cz',	'(+420) 723 333 939',	NULL,	NULL,	NULL),
(42,	'Pochylá Zuzana',	'Drobného 50',	'602 00',	5061,	'Brno',	'zulik13@seznam.cz',	'(+420) 603 901 973    ',	NULL,	NULL,	NULL),
(43,	'Štréblová V?ra',	'U.C.F.I. Koubkova 13',	'120 00',	5032,	'Praha 2',	'ucfi@iqnet.cz',	NULL,	NULL,	NULL,	NULL),
(45,	'Šindlerová Dagmar',	'Steinerova 606',	'149 00',	5013,	'Praha 11',	'stanislav.sindler@zpmvcr.cz',	'(+420) 603 787 690 ',	NULL,	NULL,	NULL),
(46,	'Baková Janka',	'Jižní 342',	'471 27',	5052,	'Stráž pod Ralskem',	NULL,	'(+420) 722 928 434',	NULL,	NULL,	NULL),
(47,	'Chvalová Monika',	'Horní 3',	'140 00',	5058,	'Praha 4',	'monika.chvalova@seznam.cz',	'(+420) 602 286 513',	NULL,	NULL,	NULL),
(49,	'Hadam?íkovi Pavel a Bohuslava',	'Gagarinova 36',	NULL,	5174,	'Opava',	'info@dery.cz',	' 602775934',	NULL,	NULL,	NULL),
(50,	'Málkovi Jarmila a Karel',	'Šmejkalova 96',	'616 00',	5014,	'Brno',	'jarmilamalkova@email.cz',	'(+420) 549 259 814; (+420) 732 718 831',	NULL,	NULL,	NULL),
(51,	'Charita Slavkov',	'Bucovicka 156',	'684 01',	5042,	'Slavkov u Brna',	'hanastarkova@seznam.cz',	'723708125',	NULL,	NULL,	NULL),
(52,	'Špád Martin',	'Borkovského 1761',	'252 63',	5038,	'Roztoky',	'MartinSpad@seznam.cz',	'(+420) 605 708 136',	NULL,	NULL,	NULL),
(53,	'Danková Helenka',	'Krkonošská 2',	'120 00',	5004,	'Praha 2',	'heda@ikem.cz',	'(+420) 608 508 344 ',	NULL,	NULL,	NULL),
(54,	'K?ížková V?ra',	'Rabštejnská 20',	'323 32',	5007,	'Plze?',	'Vera.Krizkova@lfp.cuni.cz',	'(+420) 731 470 104 ',	NULL,	NULL,	NULL),
(55,	'Boffio Umberto, Ji?ina',	'odesilat na Bizova Renata',	NULL,	5073,	NULL,	'umbertoboffi@seznam.cz',	'(+420) 222 328 278',	NULL,	NULL,	NULL),
(56,	'Abrhámová Šárka',	'Sitteho 741/6',	'140 00',	5008,	'Praha 4',	'abrhamova.sarka@gmail.com',	'(+420) 776 386 117 ',	NULL,	NULL,	NULL),
(57,	'Novotný Dušan',	'Budovatelu 21',	'466 01',	5006,	'Jablonec n/Nisou',	'dusnovo@atlas.cz',	'(+420) 776 219 542 ',	NULL,	NULL,	NULL),
(58,	'Patera Tomáš',	'Horní 3',	'140 00',	5059,	'Praha 4',	'tomas.patera@seznam.cz',	'(+420) 720 705 340',	NULL,	NULL,	NULL),
(59,	'Kellerová Jaroslava',	'Karlovarská 42',	'300 00',	5005,	'Plze?',	'JaroslavaKellerova@seznam.cz',	NULL,	NULL,	NULL,	NULL),
(60,	'Vinklerová Magdalena',	'Legioná?ská 1',	'779 00',	5070,	'Olomouc',	'mvinklerova@vsoud.olc.justice.cz',	'(+420) 606 461 854',	NULL,	NULL,	NULL),
(61,	'?ížek Jaroslav',	'Petrohradská 29',	'100 00',	5003,	'Praha 10',	'jaroslav@siskin.cz',	NULL,	NULL,	NULL,	NULL),
(62,	'Bártovi Bed?ich a Yvona',	'Chomutovice 40',	'25101',	5011,	'?í?any u Prahy',	'bedrich.barta@centrum.cz',	'(+420) 602 426 798 - Bed?ich; (+420) 607 513 085 - Yvona',	NULL,	NULL,	NULL),
(63,	'Hanušová Jana',	'Kpt. Jaroše  39c',	'602 00',	5053,	'Brno',	'jana-hanusova@seznam.cz',	'(+420) 774 330 401',	NULL,	NULL,	NULL),
(64,	'Kolá? Pavel a Blanka',	'Hrani?ní 6',	'736 01',	5010,	'Haví?ov - Životice',	'kolarpav@atlas.cz',	NULL,	NULL,	NULL,	NULL),
(66,	'Hakrová Kate?ina',	'Jaromira Vejvody 1397',	'156 00',	5009,	'Praha 5',	'khakrova@seznam.cz',	NULL,	NULL,	NULL,	NULL),
(69,	'Wintrová Vladimíra',	'Pohrani?ní stráže ?.116',	'345 22',	5054,	'Pob?žovice',	'vladimira.wintrova@cz.lasselsberger.com',	'(+420) 724 246 249',	NULL,	NULL,	NULL),
(70,	'?erná Marie',	'Podešvova 266',	'664 52',	5190,	'Sokolnice',	'mcerna@tenza.cz, jhanakova@tenza.cz',	'608 743 916',	NULL,	NULL,	NULL),
(71,	'Šafránková Tereza',	'Petržílkova 35/1436',	'153 00',	5033,	'Praha 13',	'tterry@email.cz',	'(+420) 777 851 858',	NULL,	NULL,	NULL),
(72,	'Gemmelová Sv?tlana',	'Adamusova 1254',	'735 14',	5071,	'Orlová-Lutyn?',	'svetlana.gemmelova@prosperita.com',	'(+420) 737 207 506',	NULL,	NULL,	NULL),
(75,	'Musilová Lída',	'Budínská 30',	'627 00',	5037,	'Brno',	'musilova.lida@seznam.cz',	'(+420) 548 211 053, (+420) 731 616 439',	NULL,	NULL,	NULL),
(76,	'Nový Vladimír',	'V Lužánkách 6',	'301 00',	5029,	'Plze?',	'novyvl@atlas.cz',	NULL,	NULL,	NULL,	NULL),
(83,	'Havlík Josef',	'Bezru?ova 1402',	'769 01',	5104,	'Holešov',	'joshavlik@centrum.cz',	'(+420) 603 147 061',	NULL,	NULL,	NULL),
(84,	'?eský rozhlas Region',	'Masarykovo nám?stí 42',	'586 01',	5091,	'Jihlava',	'tamara.peckova@rozhlas.cz;ondrej.novacek@rozhlas.cz',	'(+420) 724 019 180, (+420) 724 019 181',	NULL,	NULL,	NULL),
(85,	'Proksová Martina',	'Pod?bradova 32',	'612 00',	5080,	'Brno',	'martina.proksova@centrum.cz',	'(+420) 602 932 624',	NULL,	NULL,	NULL),
(87,	'Housková Zuzana',	'Dvo?eckého 11',	'169 00',	5114,	'Praha 6',	'barbusinka@seznam.cz',	'(+420) 775 270 383',	NULL,	NULL,	NULL),
(88,	'Vá?a Karel',	'Dolni Mesto 150',	'582 33',	5085,	'Dolni Mesto',	'dolnimesto150@centrum.cz',	NULL,	NULL,	NULL,	NULL),
(89,	'T?mová Hana, mgr.',	'Irská 796/5',	'160 00',	5111,	'Praha 6 - Vokovice',	'martina.funkova@email.cz',	NULL,	NULL,	NULL,	NULL),
(90,	'Mat?jí?ková Lenka',	'Na konci sv?ta 527',	'250 64',	5117,	'Hovor?ovice',	'lenka.matejickova@tiscali.cz',	'(+420) 606 357 676',	NULL,	NULL,	NULL),
(91,	'Treglerová Lucie',	'Lu?anská 6a/4640',	'466 02',	5098,	'Jablonec nad Nisou',	'ltreglerova@osoud.jbc.justice.cz',	'(+420) 733 327 111',	NULL,	NULL,	NULL),
(92,	'Rosecká Lucie',	'Družstevní 15',	'289 24',	5082,	'Milovice',	'lucie.chroustova@email.cz',	'(+420) 737 481 882',	NULL,	NULL,	NULL),
(94,	'Dá?ová Petra',	'Chelcickeho 38',	'678 01',	5106,	'Blansko',	'yssei@centrum.cz',	'(+420) 737 101 104',	NULL,	NULL,	NULL),
(95,	'Jahnová Marie',	'Písecká 919',	'391 65',	5175,	'Bechyn?',	' marie.jahnova@gmail.com',	'608510819',	NULL,	NULL,	NULL),
(96,	'Svobodová Martina',	'J. Palacha 28',	'690 02',	5122,	'B?eclav',	'm.w.svobodova@post.cz',	'(+420) 608 617 257',	NULL,	NULL,	NULL),
(97,	'Valní?ková Dana',	'Velké Lipky 243',	'664 07',	5097,	'Pozo?ice',	'dana.valnickova@seznam.cz',	'(+420) 606 789 277',	NULL,	NULL,	NULL),
(98,	'Edr Daniel',	'Sportovní 358',	'394 03',	5083,	'Horní Cerekev',	'danieledr@seznam.cz',	'353-863 533 704',	NULL,	NULL,	NULL),
(99,	'Lédlová Vlastimila',	'Malátova 7',	'400 11',	5113,	'Ústí nad Labem',	'jozkaa@seznam.cz',	'(+420) 721 725 251',	NULL,	NULL,	NULL),
(100,	'Náplavová Eva',	'Brigádnická 60',	'621 00',	5095,	'Brno',	'EvaNapl@seznam.cz',	'(+420) 603 106 158',	NULL,	NULL,	NULL),
(101,	'Lišková Lenka',	'Blízkov 43',	'59442',	5207,	'M??ín',	'lenkatroj@seznam.cz',	'608070971',	NULL,	NULL,	NULL),
(102,	'Mu?inovi Josef a Hana',	'Arbesova 1581/7',	'415 01',	5110,	'Teplice',	'josef.mucina@seznam.cz',	'(+420) 608 981 397; (+420) 777 160 251',	NULL,	NULL,	NULL),
(104,	'Molková Jana',	'P?edm??ice nad Jizerou 206',	'294 74',	5086,	'P?edm??ice nad Jizerou',	'Halisek@centrum.cz',	'(+420) 777 837 136',	NULL,	NULL,	NULL),
(105,	'Se?ovi Ivo a Iva',	'Podstránská 39',	'627 00',	5087,	'Brno - Slatina',	'iseda@seznam.cz, Iva.Sedova@cssz.cz',	'(+420) 603 106 157',	NULL,	NULL,	NULL),
(106,	'Dosko?il Miroslav',	'Letní 847',	'566 01',	5186,	'Vysoké Mýto',	'doskocil@donocykl.cz',	'603 827 486',	NULL,	NULL,	NULL),
(108,	'Švédová Marcela',	'Smetanova 8',	'750 02',	5105,	'P?erov',	'svedovamarcela@seznam.cz, svedova@caterius.cz',	'(+420) 602 796 794',	NULL,	NULL,	NULL),
(109,	'Weidnerová Kate?ina',	'Vrchlického 899',	'753 01',	5094,	'Hranice',	'dopra.vka@seznam.cz',	'(+420) 606 549 143',	NULL,	NULL,	NULL),
(110,	'Zembol Daniel',	'Gruzínská 7',	'625 00',	5140,	'Brno',	'kefear@seznam.cz',	'(+420) 777 682 246',	NULL,	NULL,	NULL),
(111,	'Kr?alová Michaela',	'Sobotovice 145',	'664 67',	5108,	'Syrovice',	'krcalova.michaela@seznam.cz',	'(+420) 606 811 641; (+420) 543 160 250',	NULL,	NULL,	NULL),
(112,	'Pascale Fenaux',	'1 bis bd Palaiseau',	'911 20',	5102,	'Palaiseau',	NULL,	NULL,	NULL,	NULL,	NULL),
(113,	'Provazník Zden?k',	'Pod Pet?inami 454/21',	'162 00',	5112,	'Praha 6',	'zdenek.provaznik@seznam.cz',	'(+420) 603 554 465',	NULL,	NULL,	NULL),
(114,	'Trojáková Šárka',	'Jesenická 512',	'788 33',	5152,	'Hanušovice',	'sarca66@seznam.cz',	'(+420) 602 969 297',	NULL,	NULL,	NULL),
(115,	'Vozka Martin',	'Žižkova 63',	'664 01',	5081,	'Bílovice n.S.',	'martin.vozka@seznam.cz',	'(+420) 603 813 831',	NULL,	NULL,	NULL),
(116,	'Hoškovi Jan a Marcela',	'Šmilovského 4',	'627 00',	5103,	'Brno - Slatina',	'hosek.7@seznam.cz, marcela.hoskova@seznam.cz',	'(+420) 604 848 695',	NULL,	NULL,	NULL),
(118,	'ZŠ Nám?stí Svobody',	'nám.Svobody 3',	'785 01',	5153,	'Šternberk',	'skola@zsns-stbk.cz',	'585013770',	NULL,	NULL,	NULL),
(119,	'Kavková Kate?ina',	'Francouzská 50',	'101 00',	5084,	'Praha 10',	'katerina.kavkova@catalpa.cz',	'(+420) 777 557 988',	NULL,	NULL,	NULL),
(121,	'Smutná Lydie',	'Jiráskova 906',	'295 01',	5116,	'Mnichovo Hradišt?',	'Lydie.smutna@seznam.cz',	'(+420) 731 448 580',	NULL,	NULL,	NULL),
(122,	'Frá?ová Libuše',	'Kmochova 21',	'779 00',	5119,	'Olomouc',	'franova@franaolomouc.cz',	'(+420) 777 975 845',	NULL,	NULL,	NULL),
(125,	'Fišerová V?ra',	'Mládežnická 3059',	'106 00',	5132,	'Praha 10',	'fiserova@step-praha.cz',	'(+420) 602 202 613',	NULL,	NULL,	NULL),
(126,	'Št?pánková Jitka',	'Na Výsluní 74',	'417 12',	5126,	'Proboštov u Teplic',	'pavel_stepanek@volny.cz',	'(+420) 602 452 015',	NULL,	NULL,	NULL),
(127,	'Hlavi?ka Miroslav',	'Pístecká 1423/4',	'288 02',	5120,	'Nymburk',	'scalex@scalex.cz',	NULL,	NULL,	NULL,	NULL),
(128,	'Newag spol. s r.o.',	'Vestecká 104',	'252 41',	5123,	'Hodkovice, Zlatníky',	'petra.jarolimova@husky.cz',	'(+420) 777 091 777',	NULL,	NULL,	NULL),
(129,	'Oborský Lukáš a Pavla',	'U bozi muky 1201',	'66501',	5150,	'Rosice',	'lukas@oborsky.cz',	'(+420) 731 435 502',	NULL,	NULL,	NULL),
(130,	'Sedláková Jana',	'Komenského 38',	'785 01',	5147,	'Šternberk',	'sedlakova61@seznam.cz',	'(+420) 736 678 292',	NULL,	NULL,	NULL),
(131,	'Brychta Pavel',	'Alešova 22',	'613 00',	5128,	'Brno',	'Pavel.Brychta@seznam.cz',	'(+420) 602 217 224',	NULL,	NULL,	NULL),
(132,	'Fiala Jaroslav',	'J.Opletala 15',	'370 05',	5154,	'?eské Bud?jovice',	'jar-fiala@centrum.cz',	'(+420) 607 590 546',	NULL,	NULL,	NULL),
(133,	'Prášková Gabriela',	'Jana P?ibíka 953/15',	'190 00',	5129,	'Praha 9',	'Gabriela.Praskova@glatzova.com',	'(+420) 777 047 720',	NULL,	NULL,	NULL),
(134,	'Pátková Alexandra Anna',	'Ulrychova 81',	'624 00',	5138,	'Brno',	'aa.patkova@centrum.cz; aa.patkova@gmail.com',	'(+420) 733 579 577',	NULL,	NULL,	NULL),
(136,	'Vystav?lová Zuzana',	'Teyschlova 5',	'63500',	5139,	'Brno-Bystrc',	'susana.anna@gmail.com',	'(+420) 732 276 259',	NULL,	NULL,	NULL),
(137,	'Königová Eliška MUDr',	'Sv?tlov 22',	'785 01',	5146,	'Šternberk',	'ella.k@email.cz',	'(+420) 604 257 913',	NULL,	NULL,	NULL),
(138,	'Farnost Lomnice u Tišnova',	'Nám. Palackého 73',	'679 23',	5144,	'Lomnice',	'vechetice@centrum.cz',	'(+420) 777 237 968',	NULL,	NULL,	NULL),
(140,	'Soukup Eduard - Infosys BPO s.r.o.',	'Holandska 9',	'639 00',	5145,	'Brno',	'Marta Kotonova [m.kotonova@yahoo.com]',	'(+420) 777 202 685',	NULL,	NULL,	NULL),
(141,	'Calo?ová Radmila',	'Vít?zná 1744',	'756 61',	5149,	'Rožnov pod Radhošt?m',	'kytqa@email.cz',	'(+420) 776 895 706',	NULL,	NULL,	NULL),
(142,	'Chroustová Kv?ta',	'B?ežany II 191',	'282 01',	5134,	'?eský Brod',	'kveta.brouckova@centrum.cz',	'(+420) 605 933 234',	NULL,	NULL,	NULL),
(143,	'Donátová Nora, MUDr.',	'Piletická 49',	'500 03',	5141,	'Hradec Králové',	'n.donatova@centrum.cz',	'(+420) 608 247 049',	NULL,	NULL,	NULL),
(144,	'Prokopová Lucie - Jan Prokop, Tara International s.r.o.',	'Na Staré pošt? 508',	'53002',	5167,	'Pardubice',	'Lucie Prokopová [luciepro7@gmail.com]',	'777 633 953',	NULL,	NULL,	NULL),
(145,	'Fiantokova Katarina',	'U krizku 10',	'140 00',	5127,	'Praha 4',	'kejt77@yahoo.com',	'(+420) 608 127 776',	NULL,	NULL,	NULL),
(146,	'Hrubá Veronika',	'Vodárenská 2376',	' 272 01',	5143,	'Kladno',	'hruba.verca@seznam.cz',	'(+420) 732 707 772',	NULL,	NULL,	NULL),
(147,	'Št?pánek Pavel',	'Na Výsluní 74',	'417 12',	5125,	'Proboštov u Teplic',	'pavel_stepanek@volny.cz',	'(+420) 602 452 015',	NULL,	NULL,	NULL),
(149,	'Krempa Daniel',	'?eskobrodská 574',	'190 11',	5198,	'Praha 9',	'dankrempa@googlemail.com',	'731627084',	NULL,	NULL,	NULL),
(150,	'Zelenková Martina',	'Oub?nice 55',	'263 01',	5137,	'Dob?íš',	'martina.zelenkova@centrum.cz, jirina.divis@seznam.cz',	'(+420) 724 834 309',	NULL,	NULL,	NULL),
(151,	'Janíková Hana',	'Košíká?ská 2587',	'756 61',	5124,	'Rožnov pod Radhošt?m',	'janikova.hana@seznam.cz',	'(+420) 739 453 789',	NULL,	NULL,	NULL),
(152,	'Valová Anna',	'Kotlanova 3',	'62800',	5178,	'Brno',	'valova@aposbrno.cz',	' 541217516',	NULL,	NULL,	NULL),
(153,	'Šarochová Andrea',	'28. pluku 39',	'100 00',	5166,	'Praha 10',	'andrea_sarochova@kb.cz',	'602 223 791',	NULL,	NULL,	NULL),
(154,	'Karasová V?ra',	'Sýko?ice 216',	'270 24',	5131,	NULL,	'sykorka.vera@seznam.cz',	'(+420) 606 690 118',	NULL,	NULL,	NULL),
(155,	'Blažejová Tá?a',	'Kostická 118',	'691 53',	5121,	'Tvrdonice',	'tanablazejova@seznam.cz',	'(+420) 731 606 001',	NULL,	NULL,	NULL),
(156,	'Ml?kovský Ji?í',	'Buková 18',	'130 00',	5159,	'Praha 3',	'jirka.mlckovsky@c-box.cz',	'720 141 552',	NULL,	NULL,	NULL),
(157,	'Mužík Ivo',	'Veselí 82',	'74235',	5157,	'Odry',	'ivo.muzik@centrum.cz',	'602514655',	NULL,	NULL,	NULL),
(158,	'Zadina Josef',	'Petrohradská 28',	'101 00',	5161,	'Praha 10',	'josef.zadina@gmail.com',	'603 895 721',	NULL,	NULL,	NULL),
(160,	'Würflová Lenka',	'Bolevecká 2',	'301 00',	5163,	'Plze?',	'moggie@seznam.cz',	'602 652 526',	NULL,	NULL,	NULL),
(161,	'Kva?ková Jana',	'Lauterbachova 826',	NULL,	5217,	'Chlumec nad Cidlinou',	'kvackovaj@seznam.cz',	'774664964',	NULL,	NULL,	NULL),
(162,	'Semencová Eliška',	'Bratronice 213',	'273 63',	5164,	'okres Kladno',	'semencova.ela@seznam.cz',	'721 610 105',	NULL,	NULL,	NULL),
(163,	'Georgiev Nikolaj',	'Dubová 1011',	'530 06',	5162,	'Pardubice',	'georgiev@szg.cz',	'724248446',	NULL,	NULL,	NULL),
(164,	'V?r?ák Tadeáš, Magdalena Nemcova',	'Kubelikova 42',	'130 00',	5156,	'Praha 3',	'tadun@me.com',	'777 21 26 21',	NULL,	NULL,	NULL),
(168,	'Vavro Milan',	'?ímskokatolická farnost',	'684 01',	5036,	'Slavkov u Brna',	'?ímskokatolická farnost Slavkov u Brna [rkf.slavkov@biskupstvi.cz]',	NULL,	NULL,	NULL,	NULL),
(170,	'Koudelková Markéta',	'Nesovice 301',	'683 33',	5169,	NULL,	'makoudelkova@seznam.cz',	'724 226 690',	NULL,	NULL,	NULL),
(171,	'Peša Ji?í',	'Hlávkova 5',	'602 00',	5170,	'Brno',	'pesa@rockovaskola.cz',	'604233577',	NULL,	NULL,	NULL),
(172,	'Pánková Eva',	'Na Rybárn? 382',	'403 21',	5168,	'Ústí nad Labem',	'pankova.eva@centrum.cz',	NULL,	NULL,	NULL,	NULL),
(174,	'Fiala Petr',	'5.kv?tna 63',	NULL,	5176,	'Praha 4',	' fiala-petr@volny.cz; mliterova@gmail.com',	'+420 603 221 157; +420 777 848 220',	NULL,	NULL,	NULL),
(175,	'Škva?ilová Kate?ina',	'Matzenauerova 9',	'61600',	5179,	'Brno',	'kskvarilova@centrum.cz',	' 776555025',	NULL,	NULL,	NULL),
(176,	'Šutáková Ladislava',	'Hermannova 5',	'620 00',	5183,	'Brno',	'ladislava.sutakova@seznam.cz',	'602517537',	NULL,	NULL,	NULL),
(177,	'Št?pánková Jitka',	'Na Chmelnicích 71',	'323 00',	5215,	'Plze?',	'jituska.ruzicka@seznam.cz',	'602 12 13 85',	NULL,	NULL,	NULL),
(178,	'Ku?ová Simona',	'Labská kotlina 984',	'50002',	5193,	'Hradec Králové 2',	'simonakucova@seznam.cz',	'602167357',	NULL,	NULL,	NULL),
(179,	'Markusová Helena',	'Osadní 41',	'170 00',	5184,	'Praha 7 - Holešovice',	'trojskah@seznam.cz',	' 721710214',	NULL,	NULL,	NULL),
(180,	'Samková Jana',	'Poštovská 5',	'190 00',	5181,	'Praha 9',	'jana.samkova@seznam.cz;',	'+420 605 748 339',	NULL,	NULL,	NULL),
(181,	'Šnajbergová Helena Mudr',	'Na Klaudiánce 18',	'14700',	5173,	'Praha 4',	'snajbergova@seznam.cz',	'602844590',	NULL,	NULL,	NULL),
(182,	'St?ední odborná škola, Blatná',	'V Jezárkách 745',	'388 01',	5187,	'Blatná',	'skola@blek.cz',	'383 412 211',	NULL,	NULL,	NULL),
(183,	'?ernošek Zden?k',	'Polní 202',	'67801',	5172,	'Klepa?ov, Blansko',	'cernosek@tatsuno-europe.com',	'+420724038425',	NULL,	NULL,	NULL),
(184,	'Hájková Michaela',	'Arabská 1',	'160 00',	5182,	'Praha 6',	'posta@misahajkova.cz',	'603187251',	NULL,	NULL,	NULL),
(185,	'Kadrnožka Miroslav',	'Strážnická 12',	'62700',	5185,	'Brno',	'mirek@kadrnozka.cz',	'739219936',	NULL,	NULL,	NULL),
(186,	'Gabrielová Zdena',	'Botanická 24',	'602 00',	5177,	'Brno',	'gzdena@seznam.cz',	'737764868',	NULL,	NULL,	NULL),
(187,	'Marek Miroslav',	'Putimov 94',	'393 01',	5188,	'Pelh?imov',	'mira@dobryden.cz',	'00420777603303',	NULL,	NULL,	NULL),
(188,	'Mudr. Jan Šich, Bc. Miloslava Horá?ková',	'Foerstrova 1656',	'50002',	5191,	'Hradec Králové',	'horackovamiloslava@seznam.cz',	'495 538 342',	NULL,	NULL,	NULL),
(189,	'Nová?ek Ond?ej',	'U Dlouhé st?ny 13',	NULL,	5192,	NULL,	'ondrej.novacek@rozhlas.cz',	'724019180',	NULL,	NULL,	NULL),
(190,	'Hubálková Petra',	'Lomená 330/31',	'162 00',	5041,	'Praha 6',	'petra.hubalkova@seznam.cz',	'(+420) 737 210 716',	NULL,	NULL,	NULL),
(193,	'Vyroubalová Hana',	'U M?stského dvora 4',	'772 00',	5200,	'Olomouc',	'hana.vyroubalova@upol.cz',	'603730672',	NULL,	NULL,	NULL),
(194,	'Sabol?iková Dagmar',	'Štefánikova 293',	'566 01',	5203,	'Vysoké Mýto',	'd.sabolcikova@centrum.cz',	'731942484',	NULL,	NULL,	NULL),
(196,	'Burian Jan',	'?SA 1066',	'684 01',	5206,	'Slavkov',	'burian@selfservis.cz',	'606740708',	NULL,	NULL,	NULL),
(198,	'Kr?ma Daniel',	'Na strži 65',	'14000',	5209,	'Praha 4',	'krcma@greenmotion.cz',	'+420606645278',	NULL,	NULL,	NULL),
(204,	'Martínková Petra',	'Dražická 738',	'294 71',	5220,	'Benátky nad Jizerou',	'petra.martinek@email.cz',	'731437891',	NULL,	NULL,	NULL),
(210,	'Doležalová Marie',	'Nová 1001/15',	'674 01',	5211,	'T?ebí?',	'mary.dol@seznam.cz',	'605 442 136',	NULL,	NULL,	NULL),
(213,	'Ta?ána Mochanová, Michaela Hanušová',	'Fibichova 10',	'32300',	5208,	'Plze?',	'tmochanova@seznam.cz',	'724782482',	NULL,	NULL,	NULL),
(214,	'?ímskokatolická farnost Unín u Tišnova, Jansa Ervín',	'nám.Palackého 73',	'679 23',	5115,	'Lomnice',	'ejansa@tiscali.cz',	'737452421',	NULL,	NULL,	NULL),
(215,	'Fialová Monika',	'Zahradníkova 14',	'60200',	5199,	'Brno',	'mon.fialova@seznam.cz',	'602428430',	NULL,	NULL,	NULL),
(216,	'Horákovi Zden?k  a Marie',	'Chmelenec 406',	'683 54',	5212,	'Bošovice',	'z.krtek@seznam.cz',	'774452708',	NULL,	NULL,	NULL),
(217,	'Samková Alena',	'Škroupovo nám. 3',	'130 00',	5195,	'Praha 3',	'samkova.mc@seznam.cz',	'+420 607 591 231',	NULL,	NULL,	NULL),
(219,	'Lopourovi Tereza a Vladimír',	'Nerudova 666',	'582 22',	5218,	'P?ibyslav',	'terilopi@seznam.cz',	'607528258',	NULL,	NULL,	NULL),
(220,	'Medvec Daniel',	'Spádová 11',	'64300',	5202,	'Brno',	'dan.medvec@centrum.cz',	'+420602571327',	NULL,	NULL,	NULL),
(228,	'Hájek Jan a Drahomíra',	'Kolovraty 430',	'103 00',	5194,	'Praha 10',	'dajkahjd@centrum.cz',	'720 685 583',	NULL,	NULL,	NULL),
(229,	'Malasková Dana',	'Lod?nická 633',	'78314',	5204,	'Bohu?ovice',	'LadyBird.D@seznam.cz',	'775383245',	NULL,	NULL,	NULL),
(231,	'Be?o Ivan',	'Kydlinovská  156',	NULL,	5219,	'Hradec Králové',	'ivan.beno@seznam.cz',	'+420 603 453 188',	NULL,	NULL,	NULL),
(232,	'Havlásková Mária',	'Sklepní 331',	'69185',	5196,	'Dolní Dunajovice',	'majka0@seznam.cz',	'606 631 715',	NULL,	NULL,	NULL),
(233,	'Martin Zbo?il, Hana Vacková',	'Kachlikova 5',	'635 00',	5213,	'Brno',	'marzbor@seznam.cz; vackova@haifa-design.cz',	'+420 606748929',	NULL,	NULL,	NULL),
(237,	'Slezákovi Michaela a Leoš',	'Pozna?ská 8',	'616 00',	5210,	'Brno',	'uberhuberova@seznam.cz',	'732 738 567, 733 599 986',	NULL,	NULL,	NULL),
(239,	'Straková Hana',	'Za myslivnou 444',	'664 07',	5216,	'Pozo?ice',	'hana.strakova@nsoud.cz',	'723748974',	NULL,	NULL,	NULL);

DROP TABLE IF EXISTS `timeline`;
CREATE TABLE `timeline` (
  `id` int(100) NOT NULL AUTO_INCREMENT,
  `diteIdDite` int(10) unsigned NOT NULL,
  `rok` int(10) unsigned NOT NULL,
  `text` text COLLATE utf8_czech_ci,
  `foto` varchar(255) COLLATE utf8_czech_ci DEFAULT NULL,
  `fotoUrlSerializovana` text COLLATE utf8_czech_ci,
  PRIMARY KEY (`id`),
  KEY `diteIdDite` (`diteIdDite`),
  CONSTRAINT `timeline_ibfk_1` FOREIGN KEY (`diteIdDite`) REFERENCES `dite` (`idDite`)
) ENGINE=InnoDB DEFAULT CHARSET=utf8 COLLATE=utf8_czech_ci;

INSERT INTO `timeline` (`id`, `diteIdDite`, `rok`, `text`, `foto`, `fotoUrlSerializovana`) VALUES
(1,	2,	0,	'Lorem Ipsum je demonstrativní výplňový text používaný v tiskařském a knihařském průmyslu.',	NULL,	NULL),
(2,	2,	0,	'Lorem Ipsum je demonstrativní výplňový text.',	NULL,	NULL),
(3,	2,	0,	'Lorem Ipsum je demonstrativní výplňový text používaný v tiskařském.',	NULL,	NULL),
(4,	2,	2013,	'aaa',	NULL,	NULL),
(9,	2,	2012,	'',	'http://farm6.static.flickr.com/5343/9864141556_d11147f5ce_m.jpg',	'a:27:{s:2:\"id\";s:10:\"9864141556\";s:6:\"secret\";s:10:\"d11147f5ce\";s:6:\"server\";s:4:\"5343\";s:4:\"farm\";d:6;s:12:\"dateuploaded\";s:10:\"1379808551\";s:10:\"isfavorite\";i:0;s:7:\"license\";s:1:\"0\";s:12:\"safety_level\";s:1:\"0\";s:8:\"rotation\";i:0;s:14:\"originalsecret\";s:10:\"dcda501735\";s:14:\"originalformat\";s:3:\"jpg\";s:5:\"owner\";a:7:{s:4:\"nsid\";s:13:\"101782724@N08\";s:8:\"username\";s:11:\"marek.vacek\";s:8:\"realname\";s:11:\"Marek Vacek\";s:8:\"location\";s:0:\"\";s:10:\"iconserver\";s:1:\"0\";s:8:\"iconfarm\";d:0;s:10:\"path_alias\";N;}s:5:\"title\";s:15:\"Abel Byamugisha\";s:11:\"description\";s:0:\"\";s:10:\"visibility\";a:3:{s:8:\"ispublic\";i:0;s:8:\"isfriend\";i:0;s:8:\"isfamily\";i:0;}s:5:\"dates\";a:4:{s:6:\"posted\";s:10:\"1379808551\";s:5:\"taken\";s:19:\"2013-09-21 17:09:11\";s:16:\"takengranularity\";s:1:\"0\";s:10:\"lastupdate\";s:10:\"1379808553\";}s:11:\"permissions\";a:2:{s:11:\"permcomment\";i:3;s:11:\"permaddmeta\";i:2;}s:5:\"views\";s:1:\"0\";s:11:\"editability\";a:2:{s:10:\"cancomment\";i:1;s:10:\"canaddmeta\";i:1;}s:17:\"publiceditability\";a:2:{s:10:\"cancomment\";i:1;s:10:\"canaddmeta\";i:0;}s:5:\"usage\";a:4:{s:11:\"candownload\";i:1;s:7:\"canblog\";i:1;s:8:\"canprint\";i:1;s:8:\"canshare\";i:1;}s:8:\"comments\";s:1:\"0\";s:5:\"notes\";a:1:{s:4:\"note\";a:0:{}}s:6:\"people\";a:1:{s:9:\"haspeople\";i:0;}s:4:\"tags\";a:1:{s:3:\"tag\";a:3:{i:0;a:5:{s:2:\"id\";s:26:\"101689911-9864141556-18524\";s:6:\"author\";s:13:\"101782724@N08\";s:3:\"raw\";s:8:\"Timeline\";s:8:\"_content\";s:8:\"timeline\";s:11:\"machine_tag\";i:0;}i:1;a:5:{s:2:\"id\";s:30:\"101689911-9864141556-133113441\";s:6:\"author\";s:13:\"101782724@N08\";s:3:\"raw\";s:15:\"Abel Byamugisha\";s:8:\"_content\";s:14:\"abelbyamugisha\";s:11:\"machine_tag\";i:0;}i:2;a:5:{s:2:\"id\";s:30:\"101689911-9864141556-133162746\";s:6:\"author\";s:13:\"101782724@N08\";s:3:\"raw\";s:15:\"Bwindi Orphans2\";s:8:\"_content\";s:14:\"bwindiorphans2\";s:11:\"machine_tag\";i:0;}}}s:4:\"urls\";a:1:{s:3:\"url\";a:1:{i:0;a:2:{s:4:\"type\";s:9:\"photopage\";s:8:\"_content\";s:54:\"http://www.flickr.com/photos/101782724@N08/9864141556/\";}}}s:5:\"media\";s:5:\"photo\";}');

-- 2013-09-22 08:58:46
